id,domain,status,purchase_price,renewal_price,attractiveness,demand,length,registrar,created_at,expires_at,status_verified_at
793dcd12-1378-477f-8905-d25cef7236e1,rice.homes,premium,812.5,,high,low,4,name.com,,,
b8c9b327-37a1-4dcc-87c3-bf4e97334a58,limit.homes,available,1.99,17.29,high,low,5,namesilo,,,24/09/2026 11:20
6f06940f-94d0-425b-bd87-7f701e9b6089,jehovah.homes,available,1.8,19.98,high,low,7,namecheap,,,
1be7030b-f750-4185-81a5-52964da9a11e,speculation.homes,available,1.99,,high,low,11,name.com,,,
c5f27ae3-4922-4d74-8526-e5bc23fd7d18,legion.homes,premium,2500,,high,low,6,name.com,,,
37b329cf-120e-426c-bb4c-c9cb46af0d41,anatomical.homes,available,1.8,19.98,medium,low,10,namecheap,,,
38572dbb-8b0b-4531-85a8-64b8dbd3cc05,lower.homes,available,1.99,,high,low,5,name.com,,,
a49168bd-57a7-4c42-8582-f8fe8de5e86f,overwhelm.homes,available,1.99,,high,low,9,name.com,,,
9479ea8a-e399-4ef8-83cd-5f1867aceaf5,incidence.homes,available,1.99,,high,low,9,name.com,,,
7795b698-1711-4e7b-8e67-4432075a9a3a,barbarian.homes,available,1.8,19.98,high,low,9,namecheap,,,08/08/2026 15:26
7e5cc785-4434-42ee-872f-085d2b4a731d,alcoholic.homes,available,1.8,19.98,high,low,9,namecheap,,,
a98d4c76-a7e7-4f6b-874f-b68d781850b7,request.homes,resell,,,high,low,7,"Spaceship, Inc.",01/11/2025 04:34,01/11/2026 23:59,
00ec48b2-3e25-4627-9e17-a1396d241f06,playfield.homes,available,1.99,,high,low,9,name.com,,,
d0a4c644-7125-4853-ab5e-832159203110,ahuh.homes,available,1.99,15.75,high,low,4,namesilo,,,
55bb75da-1eaf-4cdc-9d69-feb79d0308e0,hopefully.homes,available,1.99,,high,low,9,name.com,,,
30eafe0e-893f-41e6-b9f8-83a005a7ec50,apish.homes,available,1.8,19.98,medium,low,5,namecheap,,,06/08/2026 00:12
ec2dfaac-85b8-412f-ac00-fb7d60b2b142,rotfl.homes,available,1.99,,medium,low,5,name.com,,,
27ff133b-ab77-425f-9213-f6867d876af3,septenary.homes,available,,,medium,low,9,,,,
6fddc124-5b0b-466a-b219-67ae0b4dd75b,skateboarding.homes,available,1.99,,high,low,13,name.com,,,
341a3ef6-8cda-4a8b-bb5b-cbc3a947fbfe,slip.homes,available,1.99,,high,low,4,name.com,,,
d0dd5f4b-7b65-4377-8416-e7f498dc09f1,buttocks.homes,available,1.8,19.98,medium,low,8,namecheap,,,09/08/2026 10:25
a86a4a9d-d20a-4085-8412-ea87cf801a5a,coconut.homes,premium,812.5,,high,low,7,name.com,,,
a8624edc-eba3-4c22-9d4a-6abf41029056,told.homes,available,1.99,,medium,low,4,name.com,,,
2a22337f-b44c-42a5-8389-69bebb0140a3,because.homes,available,1.99,15.75,high,low,7,namesilo,,,
9d7bcf25-1cc8-4db6-adca-1b59fd75fa92,resounding.homes,available,1.99,,high,low,10,name.com,,,
85bbab9a-0adf-46da-b37d-3bd21dadca36,groves.homes,available,1.99,,high,low,6,name.com,,,
8c1d8be0-d5d1-4348-ac2f-e1156b1d547b,examine.homes,available,1.99,15.75,high,low,7,namesilo,,,
39f02282-0917-482d-b0f6-a465557e7bf3,analgesic.homes,available,1.8,19.98,medium,low,9,namecheap,,,
f494fa0e-0e2b-4890-9ba4-3292c1114ab2,laziness.homes,available,1.99,,medium,low,8,name.com,,,
2fc4f246-af1e-438a-83c6-afab2d6b9c07,shrimp.homes,available,1.99,,high,low,6,name.com,,,
e851c795-5b30-4ac5-a61c-0168161f0b9f,thief.homes,available,1.99,,high,low,5,name.com,,,
bc59a5d2-069c-42f3-a148-7a8d3531a12a,analogy.homes,available,1.99,15.75,high,low,7,namesilo,,,
db92cf6f-e53f-4a75-bd7d-24cd7cfccc6f,requirement.homes,available,1.99,,high,low,11,name.com,,,
e6dfe540-332f-4596-87cd-00da6dc3dcbc,softly.homes,available,1.99,,high,low,6,name.com,,,
e60275e0-322c-4aa6-ba48-c6e985bb38fd,past.homes,available,1.99,,high,low,4,name.com,,,
ebfea4bd-d2fd-4f4c-8709-8af0fa76991c,tangle.homes,available,1.99,,high,low,6,name.com,,,
bea10775-b17f-4296-bdfc-44b442a4b69d,amongst.homes,available,1.99,15.75,medium,low,7,namesilo,,,
cd2336ae-f2e5-434e-836f-9ed361ada1f5,snippet.homes,available,1.99,,high,low,7,name.com,,,
1a86edc5-5698-45fe-b0aa-1e54120e7a5c,pull.homes,available,,,high,low,4,,,,
241bca86-807b-43c3-8735-8d1ea01ad554,gore.homes,available,1.99,15.75,medium,low,4,namesilo,,,
eaab12fe-3d37-4388-bb6f-adbeffeca137,alaskan.homes,available,1.8,19.98,high,low,7,namecheap,,,
b1c51f02-6f57-45d6-8cd4-c882b970b5a3,agnatic.homes,available,1.8,19.98,medium,low,7,namecheap,,,
6faa053e-7803-45e8-a665-93168cc81ace,anniversary.homes,available,1.99,15.75,high,low,11,namesilo,,,
7ef24f95-f244-40ab-a04c-644400a907b2,vegetable.homes,available,1.99,,high,low,9,name.com,,,
04b57c0f-4832-4c9e-a91a-9680ede7f91b,baked.homes,available,1.8,19.98,high,low,5,namecheap,,,
9d7e1b71-4c58-4085-8383-5c5d35c68196,arching.homes,available,1.8,19.98,medium,low,7,namecheap,,,06/08/2026 14:39
f689daf5-cfa9-484e-b9a4-90c4e0f96991,photography.homes,premium,4501.1,,high,low,11,"Xiamen ChinaSource Internet Service Co., Ltd",12/05/2025 08:14,12/05/2027 23:59,
8f822acf-c316-47bb-b059-08805b8533e3,slept.homes,available,1.99,,medium,low,5,name.com,,,
de03812f-923c-4ca6-be81-0aaefa04ddd1,painful.homes,available,1.8,19.98,high,low,7,namecheap,,,
fdb85900-d101-4a5c-984b-494a0367c8bc,err.homes,available,1.99,15.75,high,low,3,namesilo,,,
0461e833-08d2-43ec-a471-2a230798c9e6,stability.homes,resell,,,high,low,9,"Spaceship, Inc.",01/11/2025 05:08,01/11/2026 23:59,
acb29a80-bd4f-4a51-af39-1f4d4567504c,exist.homes,available,1.99,15.75,high,low,5,namesilo,,,
c5c19964-eb3f-4ce8-a10f-734ca83511c0,ammoniac.homes,available,1.8,19.98,medium,low,8,namecheap,,,
c1f8c29e-8164-4c6a-ba73-7dde0b41748c,noble.homes,premium,2500,2500,high,low,5,name.com,,,08/08/2026 20:18
c497218d-c01b-4b47-bb8b-74c573c3b600,invalid.homes,available,,,high,low,7,,,,
a05817a2-b58a-4dd1-afb3-160e5aa88d40,gandhi.homes,available,1.99,15.75,high,low,6,namesilo,,,
77adb53d-6f7b-4f11-bb90-d743674bc373,eighty.homes,available,1.8,19.98,high,low,6,namecheap,,,
f0101a6b-0ca9-4534-b754-5f8b5c67cb2f,agelong.homes,available,1.8,19.98,medium,low,7,namecheap,,,
6dd7d60c-e3e6-42ee-aaca-a6fa75106db3,cxxv.homes,available,1.8,19.98,medium,low,4,namecheap,,,
6e2daeec-6810-4693-b411-1ff5a50b4f69,amended.homes,available,1.8,19.98,high,low,7,namecheap,,,
0ceffb5f-86a8-4cff-b965-4ed7d148f11b,minute.homes,resell,,,high,low,6,"Spaceship, Inc.",01/11/2025 04:48,01/11/2026 23:59,
f6043fbe-ab56-4213-b8a7-e60b21a3fa6e,workout.homes,resell,,,high,low,7,"Spaceship, Inc.",29/04/2025 21:10,29/04/2027 23:59,
a6a50855-a3b0-47bd-adf0-5f5f5fae9b11,palliative.homes,available,1.8,19.98,high,low,10,namecheap,,,
62560856-c833-42d9-9c46-0855987b783e,vanguard.homes,resell,,,high,high,8,"Global Domains International, Inc. DBA DomainCostClub.com",11/09/2019 15:02,11/09/2026 23:59,07/08/2026 21:42
58181c78-d6bc-4341-adff-1b331984c500,tuesdays.homes,available,1.99,,high,low,8,name.com,,,
5e48ed27-3c9c-4b2e-b11d-bf10a2fa05c0,ruined.homes,available,1.99,,high,low,6,name.com,,,
96b2f251-e18c-4979-a5e0-8dfe287d95f7,audi.homes,premium,2500,,high,high,4,name.com,,,
502dd9ad-d370-41a4-b72e-15316b0a6df0,history.homes,resell,,,high,low,7,"Spaceship, Inc.",17/01/2026 15:35,17/01/2027 23:59,
83b51253-b6f5-4fb2-a862-d192883a1986,provider.homes,available,1.99,,high,low,8,name.com,,,
6a264adb-411d-47e3-bb04-71b0aa9eaa9b,sumbuddy.homes,available,1.99,,low,low,8,name.com,,,
2cca52bc-ba32-43f2-949f-e1e49f4ab2cd,aflame.homes,available,1.8,19.98,high,low,6,namecheap,,,
2078c5e3-6431-443d-97ce-7cf5ba582e9d,songbird.homes,available,1.99,,high,low,8,name.com,,,
c2916609-6597-4ca7-8280-0e72b481b4e2,ache.homes,available,1.8,19.98,high,low,4,namecheap,,,
a557504e-ded4-430a-be8e-7b443c02e25c,atonal.homes,available,1.8,19.98,medium,low,6,namecheap,,,07/08/2026 13:46
8beee3c4-227a-49fa-b632-d55d2911afc5,airworthy.homes,available,1.8,19.98,high,low,9,namecheap,,,
83e421c3-4dcd-4bf5-80e6-9bed648dd026,aperiodic.homes,available,1.8,19.98,medium,low,9,namecheap,,,05/08/2026 22:30
1b2649ff-0d86-4535-aa06-ca7c336d2af1,acoustic.homes,available,1.8,19.98,high,low,8,namecheap,,,
de87c5ab-c235-4cd7-a2f9-b98dcd27e5fd,dignity.homes,resell,,,high,low,7,Dynadot LLC,24/01/2026 00:21,24/01/2027 23:59,
fa6af08f-cf3d-4762-ae36-e3d25179461f,hahaha.homes,available,1.99,,high,low,6,name.com,,,
8c64924d-2708-42ff-bdf6-dd89ecf10ea1,advisable.homes,available,1.8,19.98,high,low,9,namecheap,,,
e3106fa0-f711-45b6-b569-a9b5ebcb3ef0,vivid.homes,premium,2500,,high,low,5,name.com,,,
cd370c05-a403-43d3-9ffd-472e6c2d251e,obvious.homes,available,1.99,,high,low,7,name.com,,,
5fd73754-4ab8-4513-9583-c0f353eed383,swing.homes,premium,812.5,,high,low,5,name.com,,,
4349256b-479c-47f5-acac-a91334a01e7f,adventure.homes,premium,2500,,high,medium,9,name.com,,,
bc4d9646-7f42-4587-9b95-cf3816035fad,closest.homes,available,1.99,15.75,high,low,7,namesilo,,,
e82fefe8-3f37-488a-90b8-51c0424967d3,recent.homes,available,1.99,,high,low,6,name.com,,,
e3e8f4c9-2949-45ae-9242-2b6f3ee033d2,mike.homes,resell,,,high,medium,4,Dynadot LLC,08/10/2023 05:51,08/10/2026 23:59,
94f9d751-2e11-40bf-8cc4-0333eaa5ba9e,ended.homes,available,1.8,19.98,high,low,5,namecheap,,,
0b7e570d-6eeb-42c4-a444-e7a1ea3967c3,delay.homes,available,1.99,15.75,high,low,5,namesilo,,,
d4ef4b4a-61ec-4e80-8e06-9463c17b77ac,rhythmic.homes,available,1.99,,high,low,8,name.com,,,
dbc69f5d-4efb-42ba-a8f7-dce0337ac36f,fling.homes,available,1.99,15.75,high,low,5,namesilo,,,
3ad60423-fe9d-4cdd-ae5b-3198633ccc99,racing.homes,premium,812.5,,high,low,6,name.com,,,
f6e849f7-d1be-4100-978e-0b88ab16fa5a,credit.homes,premium,2500,,high,low,6,name.com,,,
74c1c852-60d2-4f3d-b4cc-b634b2f4d569,been.homes,available,1.99,15.75,medium,low,4,namesilo,,,
35533d7d-94ca-4fbe-9242-dcd97ae7dc43,inviting.homes,resell,1.99,,high,low,8,"Go Daddy, LLC",03/03/2026 19:35,03/03/2027 23:59,
065e6488-2275-419e-b1d4-2eb83d863de5,teenage.homes,available,1.8,21.98,high,low,8,namecheap,,,11/09/2026 10:07
697678bd-6de0-4d4a-89eb-3d09320a7636,smashing.homes,available,1.8,19.98,high,low,8,namecheap,,,08/08/2026 12:53
48d8c7ba-21e0-4d54-b08a-296ba97e01bc,disk.homes,available,1.99,15.75,high,low,4,namesilo,,,
9b61cb97-6d30-4fa2-8ce0-060d79cdd5cb,hamburger.homes,available,1.99,15.75,high,low,9,namesilo,,,
029a5795-5ec8-4c6a-bf44-14bb2b63d75f,accusation.homes,available,1.99,15.75,high,low,10,namesilo,,,
8ecc88ae-a853-429e-9fed-8204c9844176,interpret.homes,available,1.99,,high,low,9,name.com,,,
3647ca1c-88a2-430f-9f7c-5761864833d0,anabolic.homes,available,1.8,19.98,high,low,8,namecheap,,,
251ed636-350f-4e69-9f04-59255c338d3c,goodenough.homes,available,1.99,15.75,high,low,11,namesilo,,,
afa0b62c-97ee-4311-9c3c-b49a6beaa836,port.homes,resell,,,high,low,4,"Spaceship, Inc.",22/12/2025 20:40,22/12/2026 23:59,
60d8d722-b4a6-411a-8fdf-b1b415c9f887,agonising.homes,available,1.8,19.98,medium,low,9,namecheap,,,
92d2ef93-de2a-4687-9c2e-39693db4e2b0,ilxxx.homes,available,1.8,19.98,medium,low,5,namecheap,,,
2ab72aed-de6b-4aea-8534-2230fd3594a1,baneful.homes,available,1.8,19.98,low,low,7,namecheap,,,08/08/2026 09:44
6eea89a3-846c-4695-912c-00e3fef34eb4,mindless.homes,available,1.8,19.98,medium,low,8,namecheap,,,07/08/2026 02:48
ded5ff09-38ab-4dfa-9ba8-6827fd8695ec,waters.homes,premium,812.5,,high,low,6,name.com,,,
214c00e7-3ddb-42aa-b2b7-489f15e75ad9,wasteland.homes,available,,,medium,low,9,,,,
2922a5e7-73af-4e75-940f-c76b74fd5d6d,unimportant.homes,available,1.99,,medium,low,11,name.com,,,
81c218e8-317b-4808-9ef6-6ba9b112e06a,backless.homes,available,1.8,19.98,medium,low,8,namecheap,,,08/08/2026 05:48
70f435e7-07ee-4303-9299-9ffe92000474,someone.homes,available,1.99,,high,low,7,name.com,,,
50e4bd50-4520-465f-87dd-df816f826edc,sausage.homes,available,1.99,,high,low,7,name.com,,,
cfc77a46-e9e0-4488-a39f-23c7508b1bf4,chesty.homes,available,1.8,19.98,medium,low,6,namecheap,,,06/08/2026 22:08
8d2b7a79-6ebf-4d30-943a-72ac257f70c4,execution.homes,available,1.99,15.75,high,low,9,namesilo,,,
b81cfbcc-af75-4a57-a311-dc36c9c62968,marooned.homes,available,1.99,,medium,low,8,name.com,,,
f2415a5f-c0dc-41c9-967f-a8958df9653b,lithuania.homes,available,,,high,low,9,,,,
3fb5f986-b66a-4850-a52a-7ca77443037e,fictive.homes,available,1.8,19.98,medium,low,7,namecheap,,,07/08/2026 07:55
85323961-7eff-4b2c-be77-bbbd5e9edcbf,oversight.homes,available,,,high,low,9,,,,
04696cfa-09c5-431f-a3db-5623bebb813b,plaguey.homes,available,1.8,19.98,medium,low,7,namecheap,,,
7bc83dea-6cf7-4d50-ada5-3c8f9790ba08,want.homes,premium,2500,,high,low,4,name.com,,,
a60c0444-c7bb-4f6f-9e45-950a7bc6565d,today.homes,premium,812.5,,high,low,5,name.com,,,
1ed72143-dd52-4a56-a891-588e352e7f99,aqueous.homes,available,1.8,19.98,medium,low,7,namecheap,,,06/08/2026 10:50
2373622d-7b40-4e42-a9d3-f2ad03b4bf8d,aspirer.homes,available,1.8,19.98,medium,low,7,namecheap,,,07/08/2026 05:12
2e02f874-896c-44a7-955b-51fddfd20c78,liam.homes,premium,812.5,,high,low,4,name.com,,,
53377787-3435-4a7e-891c-297581d88bbe,eliminate.homes,available,1.99,15.75,high,low,9,namesilo,,,
3a01f337-05f2-49fc-8a75-c3a79239f2d7,curiously.homes,available,1.99,,high,low,9,name.com,,,
d9ca67e1-863c-461b-979e-98af549c06eb,although.homes,available,1.99,15.75,medium,low,8,namesilo,,,
b739a2bc-e70d-461d-9f12-111e8e352e9b,pepsi.homes,premium,2500,,high,low,5,name.com,,,
13a16a04-acc8-4108-a28c-0667318c2937,relevance.homes,available,1.99,,high,low,9,name.com,,,
502b3cf6-6b3c-4d4b-88fb-4f190cc5bf88,kilogram.homes,available,1.99,,high,low,8,name.com,,,
6fee2e6b-dc58-4035-b328-e6065c298b76,disposed.homes,available,1.99,15.75,high,low,8,namesilo,,,
91324d3d-6710-4e83-8a27-c5dbf259ad3d,scummy.homes,available,1.8,19.98,medium,low,6,namecheap,,,
6a50a95a-9a68-42be-b01b-534d9a4ca714,woops.homes,available,1.99,,high,low,5,name.com,,,
8e332dc8-f088-40f4-bda8-1fc7b46ee1de,consistently.homes,available,1.99,15.75,high,low,12,namesilo,,,
0ce7f400-254e-4c40-b1a5-fda397fb360d,ashy.homes,available,,,high,low,4,,,,
1fe05c40-7b49-45b8-a2f3-e6c9e23fd241,aboral.homes,available,1.8,19.98,medium,low,6,namecheap,,,
885971d5-b365-4f57-9da9-4cdb03fb4bf5,allylic.homes,available,1.8,19.98,medium,low,7,namecheap,,,
20c2328f-14ce-4cb9-96df-d5a20839bfb0,abuse.homes,available,1.8,21.98,high,low,5,namecheap,,,08/09/2026 12:39
348f18f3-4d32-4d02-a960-d20a023c9b74,whacky.homes,available,1.8,19.98,medium,low,6,namecheap,,,06/08/2026 21:32
4e756dcc-b640-46a4-b27e-af65f49e8375,revolved.homes,available,1.99,,high,low,8,name.com,,,
14203804-d950-4d04-b147-710fd1f4dca4,strategic.homes,resell,,,high,low,9,"Spaceship, Inc.",01/11/2025 04:34,01/11/2026 23:59,
a61b8c23-a371-45f5-a025-4d5d7ec7792d,androgenic.homes,available,1.8,19.98,medium,low,10,namecheap,,,
e4ad7fab-4a55-4d14-ba1b-3025922f8e31,harm.homes,available,1.8,21.98,high,low,4,namecheap,,,08/09/2026 07:44
b3b8de0f-ecce-4791-aeac-b45d14ac36f4,peace.homes,premium,41.3,41.3,high,low,5,namesilo,,,
354f10b8-7255-4afb-841d-ea017c08dfe5,nicole.homes,premium,812.5,,high,low,6,name.com,,,
54e325be-02f1-4877-b952-b7a2332aafc0,cerulean.homes,resell,,,high,low,8,"Spaceship, Inc.",13/05/2026 07:43,13/05/2027 23:59,08/08/2026 03:10
5eadcda4-6e0d-4487-9179-6dcbfeb66bb9,cannabis.homes,premium,2500,,high,medium,8,name.com,,,
a7b56a20-1f8a-4f7b-b0a3-bab1d1ea5a1f,commentate.homes,available,1.99,15.75,high,low,10,namesilo,,,
66175f1a-41bb-4b94-91fe-2fa6cf7437be,coefficient.homes,available,1.99,,high,low,11,name.com,,,
77f05142-a35a-4842-af6f-3ac390852382,lgbtq.homes,premium,41.3,41.3,high,low,5,namesilo,,,
61545adb-d8f5-476f-bab2-538ca6a4c2df,liable.homes,available,1.99,,high,low,6,name.com,,,
f85774d5-5541-40f6-b67c-854bbca22214,sparkly.homes,available,1.8,19.98,high,low,7,namecheap,,,
2aa84a26-c5e6-4d88-8023-3af5737efc71,corn.homes,available,1.99,15.75,high,low,4,namesilo,,,
97f14ed9-b439-4248-b6b2-d011814fb600,experimental.homes,available,1.99,15.75,high,low,12,namesilo,,,
97b857ca-6faa-4c2c-9b9a-b92e2629ee68,specialized.homes,resell,,,high,low,11,"Spaceship, Inc.",01/11/2025 05:08,01/11/2026 23:59,
d87fa71e-8d54-423a-9591-c5f6a53ba95a,sufficient.homes,available,1.99,,high,low,10,name.com,,,
9e6be4fe-7194-49d4-b7e3-3977ee55b1f0,melancholy.homes,available,1.99,,high,low,10,name.com,,,
5ad4b2a4-eeff-4437-8087-7095bfcba595,misses.homes,available,1.99,,high,low,6,name.com,,,
a53ef05a-febe-44e5-b6f1-a41a628adf4c,lxxxv.homes,available,1.8,19.98,medium,low,5,namecheap,,,
1d5d2333-5b94-4302-96ec-d474652f47cf,scurrilous.homes,available,1.8,19.98,medium,low,10,namecheap,,,
35629101-bd50-4f7b-96a0-28388c731d41,otherwise.homes,available,1.99,,high,low,9,name.com,,,
e6c152c5-016b-4084-91de-00981ab8c780,recap.homes,available,,,high,low,5,,,,
0069d275-dc7c-420d-ba30-d0643d958db6,commonly.homes,available,1.99,15.75,high,low,8,namesilo,,,
24fa50b6-2a84-42f2-b81c-393117c36294,pressed.homes,available,1.99,,high,low,7,name.com,,,
5b00bdaa-6413-4c86-b608-0c1da8b2dd1a,recipient.homes,available,1.99,,high,low,9,name.com,,,
25b58e21-0ef3-43b1-9b62-417a4ac486fe,workfare.homes,available,1.99,,high,low,8,name.com,,,
f1fc15f5-02a6-4257-b659-31e0b79b151b,currency.homes,premium,2500,,high,low,8,name.com,,,
35554caa-470a-401c-b21e-b8008b35029a,divine.homes,premium,2500,2500,high,low,6,name.com,,,
b67a50bd-4c96-4d65-874e-a2d5db66aa20,whilst.homes,available,1.99,,medium,low,6,name.com,,,
7830a15a-7745-42b9-b608-2bb3fc6a2ba1,employ.homes,available,1.8,21.98,high,low,6,namecheap,,,08/09/2026 13:39
8ba50efe-9256-41fb-8988-c4861a540581,polo.homes,premium,2500,,high,high,4,name.com,,,
ab7e936c-78c6-408f-8fcf-4c768c5573ca,lawyer.homes,premium,812.5,,high,low,6,name.com,,,
aa0e8c28-8392-4169-8b60-fa655a7afd9d,discuss.homes,available,1.99,15.75,high,low,7,namesilo,,,
c95f5c45-04cc-47d8-8426-79149683302a,antemortem.homes,available,1.8,19.98,medium,low,10,namecheap,,,
9db0dada-ec6d-4bcf-918d-726223f126af,facing.homes,available,1.99,15.75,high,low,6,namesilo,,,
77ddef35-0bc9-4bfc-bf76-134ca59e9a97,becoming.homes,available,1.8,19.98,high,low,8,namecheap,,,09/08/2026 06:08
4bd96a87-1902-4438-9fdd-bc9d5b6a1e3f,jabber.homes,available,1.99,,high,low,6,name.com,,,
9ebea8b0-8fee-415a-a66f-38255b0bec28,actively.homes,available,1.99,15.75,high,low,8,namesilo,,,
feef74fb-feb7-4960-9a34-d5ea564c1581,deputy.homes,available,1.99,15.75,high,low,6,namesilo,,,
fd779ff1-48f2-425d-b0b9-73412ee0e8e9,prevent.homes,available,1.99,,high,low,7,name.com,,,
5e05c063-973f-47d1-beb7-7fbe22a83fc0,anorectal.homes,available,1.8,19.98,medium,low,9,namecheap,,,
600100fc-0349-4f21-a1db-30cdb47d3afc,compete.homes,premium,41.3,41.3,high,low,7,namesilo,,,
4b5ea2a4-bc1d-4246-939f-f747ceef5e13,portuguese.homes,available,1.99,,high,low,10,name.com,,,
74b35d27-bd3b-48b1-b3d9-f6b7aee099d0,personally.homes,available,1.99,,high,low,10,name.com,,,
91670947-2e95-4b2a-bd03-d072930c5d64,finally.homes,available,1.99,15.75,high,low,7,namesilo,,,
9079f9a5-e9d6-4ae2-a2c3-7da7507e828a,extempore.homes,available,1.8,19.98,high,low,9,namecheap,,,
2fe77b94-ce64-45cd-8663-685062d8a2fe,ride.homes,resell,,,high,low,4,"Xiamen ChinaSource Internet Service Co., Ltd",27/09/2025 08:14,27/09/2026 23:59,
d8223d43-244f-47f4-a34c-c11a22d234d7,precise.homes,premium,41.3,41.3,high,low,7,namesilo,,,
d8f87249-27b6-48fb-9fa5-37ed15ebd49c,lxxxii.homes,available,1.8,19.98,medium,low,6,namecheap,,,
c068ff44-59e9-46b4-8183-f4c2a7abc71b,participating.homes,available,1.99,,medium,low,13,name.com,,,
cdc8bc1e-1900-46fa-8b27-ff41627d2bf6,core.homes,premium,2500,,high,medium,4,name.com,,,
c117b98c-688f-4853-b019-670c8f3ec8e4,protest.homes,available,,,high,low,7,,,,
5818a751-ae84-4438-b4ee-0d55177842d3,applicable.homes,available,1.8,19.98,high,low,10,namecheap,,,06/08/2026 07:06
922808fc-dbf5-4a52-9c7f-b0ceef435c19,nyt.homes,available,1.99,,high,low,3,name.com,,,
bb149aab-1021-4560-b1c9-0749c84e422b,guilt.homes,available,1.99,,high,low,5,name.com,,,
220ff12c-72d9-4df5-aab2-f14b90728ea6,categorical.homes,available,1.99,15.75,high,low,11,namesilo,,,
efd88f00-f401-4d00-9be2-9dca0397bc02,basket.homes,available,1.99,15.75,high,low,6,namesilo,,,
0293f464-9c08-43d2-b004-e66554d4b635,annoyance.homes,available,1.8,19.98,high,low,9,namecheap,,,
67f32735-0f13-4474-808a-74c7a6609be4,strengthen.homes,available,1.99,,high,low,10,name.com,,,
1b6b3bfb-a1dc-4bb1-b1a1-ce0e577eb14a,glass.homes,premium,812.5,,high,low,5,name.com,,,
c76f7487-6049-4ebc-9c20-0f2c23bf733d,witty.homes,available,1.99,,high,low,5,name.com,,,
ca0a751f-1c84-4454-8a80-40d48cefae46,xlii.homes,available,1.8,19.98,high,low,4,namecheap,,,
d7da92ab-1d5c-4bab-948d-d758fb780cf3,souse.homes,available,1.8,19.98,medium,low,5,namecheap,,,
42da9023-fc95-4de3-bc33-73cdfef71264,hurt.homes,resell,,,high,low,4,"Spaceship, Inc.",02/12/2025 05:33,02/12/2026 23:59,
31abf142-2288-4a4b-8b43-d3ce0d1c5058,systematically.homes,available,1.99,,medium,low,14,name.com,,,
ea865176-224f-4762-b153-9d508c0fee85,adiabatic.homes,available,1.8,19.98,medium,low,9,namecheap,,,
75546221-46f6-47a2-96f3-0f4602d09c9a,amused.homes,available,1.8,19.98,high,low,6,namecheap,,,
673f39bf-9253-4ebe-bd36-f3abaed34370,seemly.homes,available,1.8,19.98,medium,low,6,namecheap,,,09/08/2026 06:27
a377f616-3740-42c1-aecc-1dddbc4d0c77,analogical.homes,available,1.8,19.98,medium,low,10,namecheap,,,
13badc25-5d64-4323-94fd-db05e66dee51,quilting.homes,available,1.99,,high,low,8,name.com,,,
4d9abe32-1a13-4b6e-8de3-b3fb87601b4f,gate.homes,premium,812.5,,high,low,4,name.com,,,
3b22f955-692f-46ac-bbc7-f51e438ddfd2,variety.homes,available,1.99,,high,low,7,name.com,,,
e65628e6-3016-458d-b797-4e4c2f5dad29,voluntarily.homes,available,1.99,,high,low,11,name.com,,,
54c6429e-26eb-454f-abbb-e0a359f3ae98,sealed.homes,available,1.99,,high,low,6,name.com,,,
bb8016ab-e505-486d-b40b-04d299885e47,exhaust.homes,available,1.99,15.75,high,low,7,namesilo,,,
b39f8d0b-d2ab-44a9-992e-47658b6e692c,tercet.homes,available,,,high,low,6,,,,
640048e1-e84e-400c-b9d6-b25ddc2ad6b2,abaft.homes,available,1.8,19.98,low,low,5,namecheap,,,
d5382680-ea3c-478a-a1af-4ea3cae0c41a,offhand.homes,available,1.8,19.98,high,low,7,namecheap,,,
f1097c59-7681-4885-9926-333c6be4eb23,groups.homes,available,1.99,15.75,high,low,6,namesilo,,,
733eea53-0cde-4e94-8b50-f36f199c15f7,reversible.homes,available,1.99,,high,low,10,name.com,,,
e177a98e-5263-49dd-88d7-6f430af6cb02,alley.homes,available,1.99,15.75,high,low,5,namesilo,,,
bd8a47d5-c679-4f80-9524-346363f292e2,daytime.homes,available,1.99,,high,low,7,name.com,,,
d923ea92-3bac-4fd8-a994-2af8caf57cd9,howso.homes,available,1.99,,medium,low,6,name.com,,,
0df9a1b2-3cb2-4323-bc14-9500cddf1fa6,vote.homes,premium,812.5,,high,low,4,name.com,,,
9a8ad235-a095-4e91-9263-e5a02a3af05e,risen.homes,available,1.99,,high,low,5,name.com,,,
71a1924d-486c-493e-b8dc-a93c503340e4,achromatic.homes,available,1.8,19.98,medium,low,10,namecheap,,,
89bd410a-3994-4d9f-a0d8-fd98d5bc9436,grandpa.homes,available,1.99,,high,low,7,name.com,,,
0c918ae7-807b-4b78-963f-532c359d5af5,memorize.homes,available,1.99,,high,low,8,name.com,,,
7b803fd6-7112-4470-820a-076091c1e358,bahamas.homes,available,,,high,low,7,,,,
934e55c2-3cc9-4814-a7ae-5f124707bd91,abactinal.homes,available,1.8,19.98,medium,low,9,namecheap,,,
c6dd5fa3-c134-41e3-a915-5f126a5955db,angered.homes,available,1.8,19.98,medium,low,7,namecheap,,,
26d73d74-cb91-449c-b162-6a4023e11be9,atilt.homes,available,1.8,19.98,medium,low,5,namecheap,,,07/08/2026 13:13
71ca3304-36aa-4d39-8fcd-80d1935c9a78,background.homes,resell,,,high,low,10,"Spaceship, Inc.",17/01/2026 15:53,17/01/2027 23:59,
2ad328ac-1aae-4e1e-90ef-8be6858434d0,majority.homes,available,1.99,,high,low,8,name.com,,,
9acb2865-f4d3-4e07-b3b4-c28faf1aedeb,barreled.homes,available,1.8,19.98,medium,low,8,namecheap,,,08/08/2026 20:46
7affb65a-9900-47fa-b63b-270070eb9969,jimmy.homes,resell,,,high,low,5,"Spaceship, Inc.",01/11/2025 04:34,01/11/2026 23:59,
513bb1f7-8dba-40f5-80f9-73a1fb391103,abloom.homes,available,1.8,19.98,medium,low,6,namecheap,,,
29c0fa0f-05a4-4a92-a73a-581881c28711,aeriform.homes,available,1.8,19.98,medium,low,8,namecheap,,,
921d2c20-fb74-4967-91d2-d0542bd75549,prosecution.homes,available,1.99,,high,low,11,name.com,,,
417607cf-9846-4952-93a5-a85aa0c83426,spoken.homes,available,1.99,,high,low,6,name.com,,,
f0c26b9c-1854-4d17-88cf-5089a6b6cac8,covering.homes,available,1.99,15.75,high,low,8,namesilo,,,
458183d7-56c7-443f-a511-b9a59a99d2a9,premier.homes,premium,2500,,high,low,7,name.com,,,
d13862a9-a0ef-431f-af48-458309882a17,seagull.homes,available,1.99,,high,low,7,name.com,,,
0284a5a0-e802-46ae-88e2-c91c8f116251,pizzeria.homes,available,1.99,,high,low,8,name.com,,,
40921ae1-bf1e-44bc-8e1d-6bfa69c60f71,outlet.homes,premium,812.5,,high,low,6,name.com,,,
c0be598f-b7b0-4749-9169-d77400ed1eae,retarded.homes,available,1.99,,medium,low,8,name.com,,,
1f37b655-196d-4da8-9175-a0b85e20f3ec,regulate.homes,available,1.99,,high,low,8,name.com,,,
d39b4961-b8bf-499f-8a81-6683dcece9fb,normandy.homes,available,1.99,,high,low,8,name.com,,,
a3747baf-387d-466e-a7bb-f364a2c32259,airborne.homes,available,1.8,19.98,high,low,8,namecheap,,,
68c41633-b74d-45f7-841d-6280f8b4d324,meddle.homes,available,1.99,,high,low,6,name.com,,,
9257a224-03ac-4e22-a3a1-e12902638343,hybrid.homes,premium,2500,,high,low,6,name.com,,,
e3936998-c966-4f20-bfeb-77701b8f9d6a,saler.homes,available,1.99,,high,low,5,name.com,,,
e827d83f-0c2c-42fe-a667-fb38fedb8b5d,group.homes,premium,845,15.73,high,low,5,namecheap,,,
4d80643c-e84d-4cf3-8fb5-09b61d845ba1,acropetal.homes,available,1.8,19.98,medium,low,9,namecheap,,,
80c6c846-082e-4b35-90fe-6c8f38ff2b7c,wrongful.homes,available,1.99,,medium,low,8,name.com,,,
96e2c787-07df-4288-8246-9000310761dc,but.homes,available,1.99,,high,low,3,name.com,,,
67bc148e-fe68-43c0-ac21-0a4f934519c6,ava.homes,premium,812.5,,high,medium,3,name.com,,,
354f3e08-fad8-4e3d-b66f-5dbd1a40c02a,encouraging.homes,available,1.99,15.75,high,low,11,namesilo,,,
cb1dfa59-2700-4f8e-8a75-e4ebc7cee690,rigid.homes,available,1.99,,high,low,5,name.com,,,
8113e24b-c8b0-4222-bf1d-d27aa7894ae9,facility.homes,resell,,,high,low,8,Alibaba Cloud Computing Ltd. d/b/a HiChina (www.net.cn),05/06/2025 01:20,05/06/2026 23:59,
da1ac4fd-90f5-4c7e-bf48-3ed36620cee9,controlling.homes,available,1.99,15.75,high,low,11,namesilo,,,
21470298-02fd-432d-ba93-0dc8a9b1152c,invented.homes,available,1.99,,high,low,8,name.com,,,
2668ad0b-30b9-428c-a746-261a0fdaaf6e,vocal.homes,resell,,,high,low,5,Dynadot LLC,31/01/2026 03:06,31/01/2027 23:59,
3d3c91d6-3b65-4484-a8df-15ac8c75c27e,quest.homes,available,1.99,,high,medium,5,name.com,,,
24cb7f22-7d0b-4384-bf11-994d14b4297b,which.homes,available,1.99,,high,medium,5,name.com,,,
67b39d8d-88a7-424b-8c21-838bde8e665e,sex.homes,premium,2500,,high,medium,3,name.com,,,
0ebc2f5e-a190-4644-8a36-b53a9f08c7e3,situation.homes,available,1.99,,high,low,9,name.com,,,
97c67ad7-a57d-4854-a9bf-d197071dca71,enthralled.homes,available,1.8,19.98,medium,low,10,namecheap,,,09/08/2026 10:06
baaba3ee-2c7b-49e5-90c0-e4550de77b7c,tip.homes,resell,,,high,low,3,"Sav.com, LLC",15/08/2022 13:37,15/08/2027 23:59,20/09/2026 22:48
cc859b00-cea4-4786-ba16-891fe2f58c9b,aliquot.homes,available,1.8,19.98,high,low,7,namecheap,,,
3f8ef0b2-dcb0-45f7-9fee-245d7b6a0d5c,difficulty.homes,available,1.99,15.75,high,low,10,namesilo,,,
b4cc93c7-061b-4803-82da-04bc064a4bab,engrossing.homes,available,1.8,19.98,high,low,10,namecheap,,,
8417e2a4-809e-4d84-83de-e5ce90f70875,maze.homes,premium,41.3,41.3,high,low,4,namesilo,,,
cf401f70-05f0-402e-8901-be6de76fe0bf,foreigner.homes,available,1.8,19.98,high,low,9,namecheap,,,
814a9403-c28c-4ffc-927e-2ff83fe60f3b,wagon.homes,available,1.99,,high,low,5,name.com,,,
86b31c07-891d-41ef-8299-8baa82912303,child.homes,resell,,,high,low,5,"Global Domains International, Inc.",12/06/2023 12:22,12/06/2026 23:59,
97aed62a-e838-48ea-a1ab-5c1601914101,axonal.homes,available,1.8,19.98,medium,low,6,namecheap,,,08/08/2026 02:01
1aa3eac5-1bc5-422a-88e3-0bfececdd43c,phony.homes,available,1.8,19.98,high,low,5,namecheap,,,08/08/2026 23:09
f23c1e68-77e8-4309-8543-874f23288d9e,occur.homes,available,1.99,,high,low,5,name.com,,,
0ba421f5-6918-42ae-8054-cfdf84fc811a,graspable.homes,available,1.8,19.98,medium,low,9,namecheap,,,06/08/2026 08:18
89fcb7eb-ff9b-4abc-a6d0-79b921a371e2,case.homes,premium,812.5,,high,low,4,name.com,,,
cf4b7349-8749-4e87-bdb4-62e28ebc61be,atp.homes,resell,,,high,low,3,Dynadot LLC,24/01/2026 00:20,24/01/2027 23:59,
6f539434-0aca-49d1-a922-a6f3398a034f,doubling.homes,available,1.99,15.75,high,low,8,namesilo,,,
b4c3fe76-afb6-4f54-bf13-dc5f9fe8e23a,monitoring.homes,available,1.99,,high,low,10,name.com,,,
49ace20a-6360-47b5-9f80-c9ae360797b9,vitamin.homes,premium,812.5,,high,low,7,name.com,,,
1e801ea9-a1a5-4085-95d6-52c8227f182f,anabatic.homes,available,1.8,19.98,medium,low,8,namecheap,,,
abbc20cb-1da4-47c1-ade0-8ab163753828,rose.homes,premium,812.5,,high,medium,4,name.com,,,
fbcf53c1-19a0-410f-a67c-f439b48b9ad0,debased.homes,available,1.8,19.98,medium,low,7,namecheap,,,
e8a0df5a-2030-4162-86fa-65b6244c2703,mile.homes,available,1.99,,high,low,4,name.com,,,
2c841e32-5957-4c47-91ec-3279a37c0c35,yall.homes,available,1.99,,medium,low,4,name.com,,,
ec3b5532-1f22-4aa9-bc76-24b6baa5d030,accidental.homes,available,1.8,19.98,high,low,10,namecheap,,,
e484d5af-29de-4316-8882-c35c0fd2b2d1,inc.homes,premium,812.5,,high,low,3,name.com,,,
014ec2bf-0042-4027-952a-aacd9f2dfe4f,quint.homes,available,1.8,19.98,medium,low,5,namecheap,,,
9a677a7d-c6e3-44be-9649-9da87e2505c3,law.homes,premium,845,15.73,high,medium,3,namecheap,,,
5f4793fb-77e6-4d47-882e-e2f8e11a8f63,stations.homes,available,1.99,,high,low,8,name.com,,,
70268843-9c53-479e-9535-d01a2a6b2a8f,singletree.homes,available,1.99,,medium,low,11,name.com,,,
2e5a98ad-3d39-4f6b-ab05-9d0a4223d4cc,greet.homes,available,1.99,15.75,high,low,5,namesilo,,,
250cf6d8-43c8-4f13-a06a-7043f843e4ad,cautionary.homes,available,1.8,19.98,high,low,10,namecheap,,,
d16d61b3-2473-4482-8526-6810ce5f8c75,wordplay.homes,available,1.99,,high,low,9,name.com,,,
3a89fef2-1d6a-4160-8087-67b733fe1d8a,peeking.homes,available,1.99,,high,low,7,name.com,,,
596992ec-a5e0-4e21-93d0-6f16e225e121,towed.homes,available,1.99,,medium,low,5,name.com,,,
36f95cea-aa2f-4d04-9960-f428a4202512,therefore.homes,available,1.99,,high,low,9,name.com,,,
ff8fb73c-1d6e-4d79-aad4-159e9871c756,austral.homes,available,1.8,19.98,medium,low,7,namecheap,,,07/08/2026 18:26
9b4d290b-c0c3-40b5-bb6b-b2eaf4f6ecf5,volvo.homes,premium,2500,,high,low,5,name.com,,,
a80eb2e3-5a44-4d8a-9728-c9fad45c6739,latter.homes,available,1.99,,high,low,6,name.com,,,
4b2caecf-3dff-41de-b6fd-e293fc86c80a,sloppy.homes,available,1.8,19.98,high,low,6,namecheap,,,08/08/2026 08:22
e0729ebd-606a-4746-acb2-35d0391e54ad,condition.homes,available,1.99,,high,low,9,name.com,,,
ddf01467-707a-401b-8496-75984e8828fa,barky.homes,available,1.8,19.98,medium,low,5,namecheap,,,08/08/2026 19:46
7091d58d-0b7d-41ec-8c26-a5173a734c68,advisor.homes,resell,,,high,low,7,Dynadot Inc,31/07/2026 06:14,31/07/2027 23:59,21/09/2026 12:55
70dc62d7-a539-4826-b00e-e87b45d79dd7,cooking.homes,premium,812.5,,high,low,7,name.com,,,
3bec323c-1977-46c9-9150-8ace5edc46c0,critic.homes,available,1.99,,high,low,6,name.com,,,
fa6c67c0-959b-40a5-aa56-1ab62a3c0126,picked.homes,available,1.99,,high,low,6,name.com,,,
186c8221-8bb4-47ef-a0b3-a4035aa45a22,least.homes,available,1.99,,high,low,5,name.com,,,
fee4b122-4456-407f-bdb7-e239f78d6853,snore.homes,available,1.99,,high,low,5,name.com,,,
2a81d575-10e9-4193-a33b-3af0d62fab4e,sitting.homes,available,1.99,,high,low,7,name.com,,,
393161f2-b4e1-4514-9117-76fb7d4ddf83,trial.homes,resell,,,high,low,5,Dynadot LLC,20/02/2026 19:25,20/02/2027 23:59,
f3639d52-0525-444c-bcc7-f10a10df8048,arcuate.homes,available,1.8,19.98,medium,low,7,namecheap,,,06/08/2026 14:49
0f230673-8dda-4444-9a68-edfa1b397663,desktop.homes,available,1.99,15.75,high,low,7,namesilo,,,
262ee5c7-65d8-42b9-b0ab-7b1117deb6a9,unbeatable.homes,available,1.99,,high,low,10,name.com,,,
156bf0eb-f0b2-4120-9002-6379e868d055,pointy.homes,available,1.99,,high,low,6,name.com,,,
a143ad76-98f8-471a-b777-fee5d3a49231,heads.homes,available,1.99,,high,low,5,name.com,,,
2c8912a2-c58e-4fa5-829c-d657ec0fb5c1,toast.homes,premium,43.75,,high,low,5,name.com,,,
e50ab654-ed08-4931-b19f-77678e8d422d,hic.homes,available,1.99,,high,low,3,name.com,,,
987d94f0-2b9d-49a8-856a-d431991a3244,accused.homes,available,1.99,15.75,high,low,7,namesilo,,,
9b2f5f35-3a7d-4d15-93d4-5e1e9496a6fe,fatigue.homes,available,1.99,15.75,high,low,7,namesilo,,,
75a8cfd9-0c7a-4502-86b5-73d96b9083eb,kansas.homes,premium,812.5,,high,low,6,name.com,,,
7e680c7a-4f4e-4200-948f-e543aef6c39d,stable.homes,resell,,,high,low,6,"Spaceship, Inc.",07/12/2024 00:10,07/12/2026 23:59,
b7d2f631-0f0a-46e1-8aa0-8e6242d128d8,closer.homes,available,1.99,15.75,high,low,6,namesilo,,,
e092b999-c108-49fa-9e85-c641f35c5396,bemused.homes,available,1.8,19.98,medium,low,7,namecheap,,,07/08/2026 11:47
caf45740-fc79-4a82-9cc8-2bcf66f8a87d,find.homes,premium,2500,,high,medium,4,name.com,,,
c79f2f58-e258-4c8a-8cc2-1cdebf1152ce,proceed.homes,available,1.99,,high,low,7,name.com,,,
4a93c47b-e55d-423e-8ac7-4f3c56f3d763,diminutive.homes,available,1.8,19.98,high,low,10,namecheap,,,08/08/2026 14:10
24a96a5b-29cf-41d1-9f27-4d882e36fe64,crayola.homes,available,1.99,15.75,high,medium,7,namesilo,,,
0ad9880a-7b07-4d0c-9f33-bd843ef31c0e,pad.homes,resell,,,high,low,3,"Global Domains International, Inc.",24/06/2021 01:12,24/06/2026 23:59,
28a096e6-9647-426f-a3d1-e01a0dd99b35,conflicted.homes,available,1.99,15.75,medium,low,10,namesilo,,,
f86a9cb7-64db-47a9-8731-9b927c99639c,starred.homes,available,1.8,19.98,medium,low,7,namecheap,,,07/08/2026 08:52
b6c3453a-8e6e-41e3-ad60-bc40509a535d,approach.homes,available,1.8,19.98,high,low,8,namecheap,,,06/08/2026 08:44
d8e162f6-e952-4b33-bac6-e25a16040336,memorise.homes,available,1.99,,high,low,8,name.com,,,
a2a7ca76-b903-4a98-8d38-d81a6a192220,armenian.homes,available,1.8,19.98,high,low,8,namecheap,,,06/08/2026 19:39
1c8a34f5-fbd8-4399-b867-0d8ceeaba451,suspect.homes,available,1.99,,high,low,7,name.com,,,
6907e762-e47a-4f63-ac48-df560c94d81a,loved.homes,available,1.99,,high,low,5,name.com,,,
bc118a6c-b984-414f-99e3-6460f613536a,retina.homes,available,1.99,,high,low,6,name.com,,,
5714a8be-8d87-49db-a932-0e2b79a72647,campaign.homes,available,1.99,15.75,high,low,8,namesilo,,,
58b85a56-1bc8-46dd-a1a2-67c8e087ae37,revolt.homes,resell,,,high,low,6,Dynadot LLC,28/01/2026 02:12,28/01/2027 23:59,
1834a38e-ec39-4a65-9ce8-ac9eec3796be,yelled.homes,available,1.99,,high,low,6,name.com,,,
32fa2f57-1662-424a-92e3-794064779b41,chairman.homes,available,1.99,15.75,high,low,8,namesilo,,,
e6b897f2-d046-4bc5-8010-f3bafbe5b695,bedewed.homes,available,1.8,19.98,low,low,7,namecheap,,,09/08/2026 06:46
857b60cc-d234-4eca-bbe8-6e15c9e4a6a5,abounding.homes,available,1.8,19.98,high,low,9,namecheap,,,
ccd04634-065a-47aa-8ca8-0dbdae0324a1,whoever.homes,available,1.99,,medium,low,7,name.com,,,
67d38cd4-e917-497b-8123-57becefa9447,locally.homes,available,1.99,,high,low,7,name.com,,,
28a13dd8-7980-4209-8b47-728fd7885eea,practicing.homes,available,1.99,,high,low,10,name.com,,,
5327fca1-d5dc-4d24-84a8-887c8a6ee3e0,spinous.homes,available,1.8,19.98,medium,low,7,namecheap,,,
68605f82-f02c-4c1d-ac43-fbfd5f758b0a,primitive.homes,available,1.99,,high,low,9,name.com,,,
400decf2-f743-48d2-a7b1-721893dcfe1a,setting.homes,available,1.99,,high,low,7,name.com,,,
0349d6ed-567b-4e17-8593-065e6840560c,tower.homes,premium,2500,,high,low,5,name.com,,,
74122571-87f2-45d1-9bd8-0e95e8844738,agrologic.homes,available,1.8,19.98,medium,low,9,namecheap,,,
36c72514-919f-45fd-a546-c32521a2e511,trained.homes,available,1.99,,high,low,7,name.com,,,
c84fa80d-aad7-42cf-adf3-ce750bac63cc,include.homes,available,1.99,,high,low,7,name.com,,,
1281bd8e-0f61-48a9-8292-9e0be65d3fa0,substitution.homes,available,1.99,,high,low,12,name.com,,,
f15e398a-4b31-49b2-96b9-9c6dac1093dd,workings.homes,available,1.99,,high,low,8,name.com,,,
91da4fe3-38cf-473f-ac8c-ca87b700531d,arbitrarily.homes,available,1.99,,medium,low,11,name.com,,,
819cb268-8bcf-4dc0-b9da-1edece48cc56,sincerely.homes,available,1.99,,high,low,9,name.com,,,
05c024fd-c42b-47f5-84dc-98455b4da7c1,await.homes,available,1.99,15.75,high,low,5,namesilo,,,
ed95c3b9-a71d-4d9a-b76f-8e9dd8249245,unassuming.homes,available,1.99,,high,low,10,name.com,,,
3b4451bf-c3b1-401a-97de-0aa01b89817b,dough.homes,available,1.8,21.98,high,low,5,namecheap,,,08/09/2026 03:53
0841e61d-47ba-40c5-9cc5-959ae5bdeaa7,alkalic.homes,available,1.8,19.98,medium,low,7,namecheap,,,
38eff8ee-7e4a-4a13-bfd2-20493ac49c4a,awhile.homes,available,1.99,15.75,medium,low,6,namesilo,,,
36b3d0f5-95e0-46d4-b3d0-4b87bd86d435,pay.homes,premium,812.5,,high,medium,3,name.com,,,
2e0f7264-0b5e-4d92-866c-ff888fa5d4a5,bed.homes,premium,812.5,,high,low,3,name.com,,,
fb3422e0-25bf-4b13-8f03-1abb3e9a3e3a,naturally.homes,available,1.99,,high,low,9,name.com,,,
5b6bece7-1234-42fb-9036-7b688e4abc7d,walking.homes,available,1.99,,high,low,7,name.com,,,
4b0c9a77-b1cc-4de0-81e3-ad4a2b6897fd,astern.homes,available,1.8,19.98,medium,low,6,namecheap,,,
16b3a26d-a401-4c12-91f1-300dbdb35fcc,roof.homes,resell,,,high,low,4,"Go Daddy, LLC",25/06/2021 22:55,25/06/2027 23:59,
f912e68f-d00b-4f0c-9e01-5278af9e16dc,repulsive.homes,available,1.8,19.98,medium,low,9,namecheap,,,
a96ee738-7769-4706-9b0d-9c667530bba2,snapping.homes,available,1.99,,high,low,8,name.com,,,
63c94e5b-239f-454a-b8c5-4f6cbb0248ea,vie.homes,available,1.99,,high,low,3,name.com,,,
8e7b21b7-b7d1-4130-852e-a557fe452207,environmental.homes,resell,,,high,low,13,Alibaba Cloud Computing Ltd. d/b/a HiChina (www.net.cn),17/04/2025 12:42,17/04/2027 23:59,
915e15b2-bb64-4290-b1cc-6824ad1a76a1,cxv.homes,available,1.8,19.98,high,low,3,namecheap,,,
22f28b51-0033-4829-9425-11f7d49b46e9,ennead.homes,available,1.8,19.98,medium,low,6,namecheap,,,
bb233135-538e-406d-b8b6-8ae9bca0947d,cap.homes,resell,,,high,low,3,"Global Domains International, Inc. DBA DomainCostClub.com",10/07/2021 18:54,10/07/2027 23:59,18/09/2026 02:24
91140125-09ce-4346-a2ad-8234531ce67f,sounding.homes,available,1.99,,high,low,8,name.com,,,
0ea2bb5f-a3bd-444a-bf7f-8045b36856cb,rhoda.homes,available,1.99,,high,low,5,name.com,,,
079d7592-ae6d-45aa-8a94-6dc5599bc317,amorphous.homes,available,1.8,19.98,medium,low,9,namecheap,,,
dc9d6814-9c83-4c2e-9810-37d7c1d05344,supermodel.homes,available,1.99,,high,low,10,name.com,,,
7228cfaa-31ce-4327-8861-ccb7e56a07d3,ternary.homes,available,1.8,19.98,high,low,7,namecheap,,,
8ddd464b-3e53-4c06-bf04-688dbc7b7704,diminished.homes,available,1.8,19.98,medium,low,10,namecheap,,,07/08/2026 15:00
8efd0960-ff32-47a1-9e43-cdff36895ebd,stranger.homes,available,1.99,,high,low,8,name.com,,,
ea3e2561-1065-496c-ab7b-2ec72446cdf2,aramean.homes,available,1.8,19.98,medium,low,7,namecheap,,,06/08/2026 12:02
1139b75c-1591-4b21-b845-4ba25f3d1345,argentic.homes,available,1.8,19.98,medium,low,8,namecheap,,,06/08/2026 18:06
2380fe42-b941-4ff1-9057-db699c5f3b66,definitely.homes,available,1.99,15.75,high,low,10,namesilo,,,
5588f53e-cea4-40ef-86d7-2790d57a0f27,halloween.homes,resell,,,high,low,9,"Spaceship, Inc.",17/01/2026 15:35,17/01/2027 23:59,
94f295e6-0f12-4541-aa9e-07a8618799a7,borrow.homes,available,1.99,15.75,high,low,6,namesilo,,,
3d1a25b2-d794-4d4f-9b77-49d05b4d20d5,farm.homes,premium,812.5,,high,low,4,name.com,,,
23444544-5bb9-4fb6-835e-bf196d849467,fulgid.homes,available,1.8,19.98,high,low,6,namecheap,,,
f5591d0a-001b-4887-87a4-9e5035569fda,accuser.homes,available,1.99,15.75,high,low,7,namesilo,,,
eaf32f19-7e84-40b1-909e-689786346536,ant.homes,resell,,,high,medium,3,Dynadot Inc,12/09/2026 21:52,12/09/2027 23:59,17/09/2026 22:43
09340d78-e531-4880-abd7-47d0c43fb82b,ample.homes,available,1.8,19.98,high,low,5,namecheap,,,
95d5397a-fe49-454e-8a39-b91f2587cafc,tylenol.homes,available,1.99,,high,medium,7,name.com,,,
85e2424f-d523-4470-bfec-239dd6920b79,crush.homes,premium,41.3,41.3,high,low,5,namesilo,,,09/08/2026 05:21
a22532a0-976c-4668-934e-90a152742667,attachable.homes,available,1.8,19.98,medium,low,10,namecheap,,,07/08/2026 15:36
c2399ff1-ab77-4a46-b9c3-54e4263e3755,affluence.homes,available,1.99,15.75,high,low,9,namesilo,,,
5b385ed5-d53e-4c2a-b9fb-7b83c5e755e3,twelfth.homes,available,1.8,19.98,high,low,7,namecheap,,,
61fa8fcf-dade-4b53-a9aa-f14d99c67918,revised.homes,available,1.99,,high,low,7,name.com,,,
18ac5ff4-b825-4219-95ae-903d44f787ce,steak.homes,available,1.99,,high,low,5,name.com,,,
3148c19a-5639-43bd-94e4-4a5d8e9e1417,transitions.homes,available,1.99,,high,low,11,name.com,,,
3bcfb8dd-2b77-4253-95c4-6edfdf9d1231,backhand.homes,available,1.8,19.98,high,low,8,namecheap,,,08/08/2026 05:43
57baae60-b4b6-4cfa-8d4a-b3011ba9cd38,spurious.homes,available,1.8,19.98,medium,low,8,namecheap,,,09/08/2026 00:03
c5ea2462-5b34-4b5e-b000-6cef8f8b6666,wrapped.homes,available,1.8,19.98,high,low,7,namecheap,,,
d5926e8c-bd5c-4944-b266-6b3a900acc16,waterflow.homes,available,1.99,,high,low,9,name.com,,,
45c19e37-1787-4543-9aef-13e529e49405,lesson.homes,available,1.99,,high,low,6,name.com,,,
81b1f0bb-46de-478a-8444-cdd4ee8d6d31,shaky.homes,available,1.99,,high,low,5,name.com,,,
629aaeff-bfce-4c49-8691-718aee9f5438,pregnant.homes,available,1.99,,high,low,8,name.com,,,
9a30cb49-1187-4aee-88af-318032df042a,dominating.homes,available,1.8,19.98,medium,low,10,namecheap,,,07/08/2026 19:40
633245b1-350f-4f01-80ff-b4d9d4c60df8,articled.homes,available,1.8,19.98,medium,low,8,namecheap,,,06/08/2026 08:28
48796f03-6558-4346-8020-15b5914f6385,jock.homes,premium,2500,,high,low,4,name.com,,,
4bfc00a2-66fc-4b2f-b715-1c7e990cf4bd,godhead.homes,available,1.8,19.98,high,low,7,namecheap,,,
88d9471b-7342-4c34-a1f6-158ad004d77f,girth.homes,available,1.99,15.75,high,low,5,namesilo,,,
e97b17ad-c9b6-45e8-9a9b-8880bb9427fd,employer.homes,available,1.99,15.75,high,low,8,namesilo,,,
40a21e29-c3d7-443b-9c11-4c8bb8678dae,notwithstanding.homes,available,1.99,,medium,low,15,name.com,,,
2e6179d8-9e4b-42d2-a8dd-100c79f729bf,vexatious.homes,available,1.8,19.98,medium,low,9,namecheap,,,
943b6126-f754-463b-95d4-2af9b1ac292e,restaurant.homes,premium,812.5,,high,low,10,name.com,,,
aaa6d22a-14b9-41da-b044-e6a4f95aacda,cloud.homes,premium,2600,2600,high,medium,5,namecheap,,,08/09/2026 12:26
e3f94c56-0778-4e6c-803c-118c2b465201,enlivening.homes,available,1.8,19.98,medium,low,10,namecheap,,,
b34826fe-deba-425f-98f7-e43cab64a758,condense.homes,available,1.99,15.75,high,low,8,namesilo,,,
2c6f1fcb-5cd0-4a67-9997-5a1df84151c1,sequel.homes,available,1.99,,high,low,6,name.com,,,
8a566cc0-46e8-4d0e-af8d-2e7f3f4f7fce,commix.homes,available,1.8,19.98,medium,low,6,namecheap,,,
95c77825-638d-4492-ae11-a87db3d889f6,daft.homes,available,1.8,19.98,high,low,4,namecheap,,,06/08/2026 20:50
2371c383-f5ee-4c04-a794-0d5a47a2053e,alarm.homes,premium,2500,2500,high,low,5,name.com,,,
b5bdbef0-810a-4cf3-b784-98218de0aca5,baseborn.homes,available,1.8,19.98,low,low,8,namecheap,,,08/08/2026 21:34
c7c9e458-8e84-4848-9404-b09c54350660,agitating.homes,available,1.8,19.98,medium,low,9,namecheap,,,
753b915b-8a59-4000-a45c-becd9da6addc,attitude.homes,available,1.99,15.75,high,low,8,namesilo,,,
ab70d704-fde9-4e70-a485-427cca917a5d,most.homes,premium,2500,,high,low,4,name.com,,,
34615930-dd80-4954-92a6-c07f4df853ca,satisfy.homes,available,1.99,,high,low,7,name.com,,,
0908a553-0f7f-486d-bd15-a77444f77d9e,ancestral.homes,resell,,,high,low,9,"GoDaddy.com, LLC",25/04/2026 10:57,25/04/2027 23:59,
3d8ebc6e-e532-446c-b116-dde42c3aacaf,corona.homes,premium,2500,,high,medium,6,name.com,,,
bf4c6c48-7544-4582-9f36-3a23ddd7df02,compensate.homes,available,1.99,,high,low,10,name.com,,,
419b3049-5f74-4d39-9f27-66af533479f5,uncontrollable.homes,available,1.99,,medium,low,14,name.com,,,
37a405e2-17a0-4712-a77d-0e4c02c1a0fc,plush.homes,premium,41.3,41.3,high,low,5,namesilo,,,
14bcf88b-9187-4a61-abe9-f78b3bd8814d,anti.homes,available,1.8,19.98,high,low,4,namecheap,,,
bed942a2-eab1-4344-94fd-751d5937cbb2,fiery.homes,available,1.8,19.98,high,low,5,namecheap,,,06/08/2026 16:24
a40f61b2-3029-4e22-84df-9d45e1582508,lane.homes,premium,2500,,high,low,4,name.com,,,
70f1988e-d740-4f5a-bdbc-661f8ff1e51f,algometric.homes,available,1.8,19.98,medium,low,10,namecheap,,,
296fa157-686f-4202-bc60-cdfe5f7fbe5e,characteristics.homes,available,1.99,15.75,medium,low,15,namesilo,,,
23d74bd8-306d-416d-8f1d-36f05cecb170,accursed.homes,available,1.8,19.98,medium,low,8,namecheap,,,
94d0a8bf-dfe6-4c19-91fa-12c7e6eb8f10,avaricious.homes,available,1.8,19.98,medium,low,10,namecheap,,,07/08/2026 21:48
65a4a4f1-7f62-4425-8bc9-8cd496ae2795,lip.homes,premium,812.5,,high,low,3,name.com,,,
2eaee1ee-f980-4143-aec4-7b0994560aa5,bagdad.homes,available,1.99,15.75,medium,low,6,namesilo,,,
1048e71b-9473-43f4-8382-63ba0f100880,minimum.homes,available,1.99,,high,low,7,name.com,,,
ff28ce5e-a9d4-43f6-a9f8-16ad162176d2,midwinter.homes,available,1.99,,medium,low,10,name.com,,,
9c95abec-2e1c-4a03-a3f7-734f3958a2c6,pentad.homes,available,1.8,19.98,medium,low,6,namecheap,,,
11c0482d-bf3f-460c-a305-432d08b6e015,jerking.homes,available,1.8,19.98,high,low,7,namecheap,,,06/08/2026 21:58
d5e61206-45ca-419b-a312-36d4fc648f89,five.homes,premium,812.5,20.99,high,low,4,name.com,,,
ae011392-87a2-45db-a0ae-82fe723ccd65,heartthrob.homes,available,1.99,,high,low,10,name.com,,,
89ea061a-fa25-4519-a635-977596d051b6,dislike.homes,available,1.99,15.75,high,low,7,namesilo,,,
bde7ad25-8692-4123-bda1-97193eb10a26,arable.homes,available,1.8,19.98,high,low,6,namecheap,,,06/08/2026 11:14
9fa3aa6e-c991-42af-80b6-34e3cbe9317c,slight.homes,available,1.99,,high,low,6,name.com,,,
d81f4e66-2dc6-4cdf-871f-dcfd139d431e,possess.homes,available,1.99,,high,low,7,name.com,,,
d7dfc567-6dd0-4a13-924a-431af9ac3072,located.homes,resell,,,high,low,7,Dynadot LLC,06/02/2025 11:52,06/02/2027 23:59,
e84d845e-6648-4da6-8279-4631b9c07597,xcv.homes,available,1.8,19.98,medium,low,3,namecheap,,,
76c95718-b7ea-485c-b957-ed7ab59ca2de,forty.homes,available,1.8,19.98,high,low,5,namecheap,,,
37608cb4-e09d-4473-bc64-7cec60e1d848,truant.homes,available,1.8,19.98,high,low,6,namecheap,,,08/08/2026 01:41
cc0b309a-a210-4ce8-840e-2ee16485615b,facetious.homes,available,1.8,19.98,medium,low,9,namecheap,,,08/08/2026 14:39
f61df350-dbe3-4f8e-9f18-c4a078518df0,fitness.homes,premium,845,15.73,high,low,7,namecheap,,,
d176eee2-6bc2-4e89-8c2e-765aa7ea6a44,political.homes,available,1.99,,high,low,9,name.com,,,
293893ca-5d31-44a3-86d0-2b7d0a0b5366,sadness.homes,available,1.99,,high,low,7,name.com,,,
bc82d5a0-963d-44e6-9c7c-ec01a6082de3,seated.homes,available,1.99,,high,low,6,name.com,,,
69e52aa5-0f3b-48a2-921c-b2b41d079378,southern.homes,premium,2500,,high,low,8,name.com,,,
48530ad5-b440-48c2-a54e-c9c5525066a9,andrew.homes,premium,812.5,,high,medium,6,name.com,,,
3aa5d489-bf72-4c79-9339-593560d6ed5d,playstation.homes,available,1.99,,high,high,11,name.com,,,
247af642-ab73-4663-aad9-5e721356cab3,abysmal.homes,available,1.8,19.98,medium,low,7,namecheap,,,
3f794f2c-4fd0-4ad9-ad2b-81b68c359f8a,sag.homes,available,1.99,,high,low,3,name.com,,,
ab98722f-aa49-49e8-9d3e-5eca5aee12d5,trounce.homes,available,1.8,19.98,medium,low,7,namecheap,,,09/08/2026 05:27
8ac9fed4-20dc-490c-bf51-fe00eea34f05,aflutter.homes,available,1.8,19.98,medium,low,8,namecheap,,,
7df9ecab-908d-4f97-9cc5-8e63fe37cfa7,circinate.homes,available,1.8,19.98,high,low,9,namecheap,,,
698f0b0f-ce2d-46d3-8d77-ed6a21b07742,destructive.homes,available,1.99,,medium,low,11,name.com,,,
6a435796-32ec-4d83-820f-e02ddcc926dd,warfare.homes,available,1.99,,high,low,7,name.com,,,
a1e680c1-10e6-4535-a7b9-cb5b61c70140,fuckster.homes,available,1.99,15.75,medium,low,8,namesilo,,,
51ecf326-a3f6-4c8a-ab39-6df3c6834bde,inspirational.homes,premium,41.3,41.3,high,low,13,namesilo,,,
76a471b3-e4f0-46f9-a8a3-d9f0b3327a18,became.homes,available,1.99,15.75,medium,low,6,namesilo,,,
e15378e2-404b-41dc-8d05-48aa56ef836a,stress.homes,available,1.99,,high,low,6,name.com,,,
975b458e-f3d9-42ac-b35e-3fba8fbc8b2e,rheumatoid.homes,available,1.8,19.98,medium,low,10,namecheap,,,06/08/2026 23:10
2317e905-18e3-4e7f-8d65-2a608c637a0a,basketball.homes,premium,812.5,,high,low,10,name.com,,,
db8cd283-424b-4871-adcd-ac2722573ac4,ardent.homes,available,1.8,19.98,high,low,6,namecheap,,,06/08/2026 16:11
97942b95-c26d-4a02-833b-c0544f821d78,revered.homes,available,1.99,,high,low,7,name.com,,,
e4856a05-17f3-48cf-a369-80a9a6fcc54b,bags.homes,premium,812.5,,high,low,4,name.com,,,
da8ea4b7-21e6-4b28-ad8a-a777b4c60cb8,hearable.homes,available,1.8,19.98,medium,low,8,namecheap,,,07/08/2026 16:35
f36d9996-2ef2-4534-9c22-1d2b6d7fdcc6,complaint.homes,available,1.99,15.75,high,low,9,namesilo,,,
7b94fe25-cb8d-4710-926a-c1e892688e2a,torturing.homes,available,1.8,19.98,medium,low,9,namecheap,,,
45124ea4-df58-496e-8b0d-1a805b2d1973,idea.homes,available,,,high,low,4,,,,
b07797d3-a4fd-40e7-8374-77f98c0a558f,cathartic.homes,available,1.8,19.98,high,low,9,namecheap,,,05/08/2026 22:20
8a7182ad-2e04-4002-8d7a-45918909d9eb,steamed.homes,available,1.8,19.98,high,low,7,namecheap,,,
d107f6d2-a7d6-4617-84a3-a8b906ef5901,posterior.homes,available,1.8,19.98,medium,low,9,namecheap,,,09/08/2026 11:12
d318661b-fc54-458b-a428-0fcb484b678b,daylight.homes,resell,,,high,low,8,"Go Daddy, LLC",06/03/2025 07:17,06/03/2027 23:59,
b9e64283-1fda-4916-b9ae-17a93d351dc4,didnt.homes,available,1.99,15.75,medium,low,5,namesilo,,,
c3d87e38-bafd-4f6f-9730-3a3c640886cc,anaglyphic.homes,available,1.8,19.98,medium,low,10,namecheap,,,
f53e21ff-be75-41c1-8043-d02272b7a4a0,autoerotic.homes,available,1.8,19.98,medium,low,10,namecheap,,,07/08/2026 20:01
93a90373-2cf5-456f-be85-bd2593baa7bb,event.homes,premium,845,15.73,high,medium,5,namecheap,,,
b3d7bbca-f15d-4c10-b906-785ee710f243,anything.homes,premium,812.5,,high,low,8,name.com,,,
a9038a7b-84df-4588-9c94-2428fb57762b,whereabouts.homes,available,1.99,,high,low,11,name.com,,,
f8e80357-2c6d-4f69-b150-03e8f3d8ee82,height.homes,available,1.99,,high,low,6,name.com,,,
dad8d16c-03bd-4df9-b82b-c76e8210c044,ambivalent.homes,available,1.8,19.98,medium,low,10,namecheap,,,
def5bdf2-d091-40f2-9409-be19fc22b7f2,junior.homes,available,1.99,,high,low,6,name.com,,,
00cc5fbd-1ce2-4bc6-9b09-7a7c8c57deb6,rihanna.homes,premium,2500,,high,low,7,name.com,,,
8f20fd75-f51b-4425-9ad7-d7d35688d651,trend.homes,premium,812.5,,high,low,5,name.com,,,
c66904bd-2e7d-47ab-8764-00fe9f1f3806,connect.homes,premium,812.5,812.5,high,medium,7,name.com,,,07/08/2026 07:16
12d90460-fa35-412b-88e4-3bde2ca40558,drinking.homes,available,1.99,,high,low,8,name.com,,,
48e02a2a-b1c8-4804-88bd-a2462e319ee6,exalt.homes,available,1.8,19.98,high,low,5,namecheap,,,
bb806082-7eae-4b3b-a8d5-3bbd435f2118,unexpected.homes,available,1.99,,high,low,10,name.com,,,
052ba5a4-125d-4fea-88f9-6bea58ddf743,ballistic.homes,available,1.8,19.98,high,low,9,namecheap,,,08/08/2026 10:31
f77958a5-418b-48f2-8c9e-beaced4b27fe,nondrinker.homes,available,1.8,19.98,medium,low,10,namecheap,,,
b72f92e4-2533-4b2a-a265-e3a193de6089,lowly.homes,available,1.8,19.98,medium,low,5,namecheap,,,08/08/2026 21:38
d0e94bd2-bc2b-46fa-96f8-beb820423629,lighten.homes,available,1.99,,high,low,7,name.com,,,
a63e729e-0647-499b-a9ce-5f049ee8ecdb,sanative.homes,available,1.8,19.98,medium,low,8,namecheap,,,
c6ca46d4-d5a8-47a7-b4b1-0558d5d4717a,prayer.homes,available,1.99,,high,low,6,name.com,,,
7f92135b-3753-49af-9d2a-1c3749b1633c,armada.homes,available,,,high,low,6,,,,
523f56a8-6558-40f6-9358-c3f6ff7e46cc,alacritous.homes,available,1.8,19.98,medium,low,10,namecheap,,,
67ca43fd-9400-4c44-b9da-60fd2939f4a4,fundament.homes,available,,,medium,low,9,,,,
f3f7fde5-53bc-4fd9-b986-1fe0a58a9a6b,learn.homes,premium,2500,,high,medium,5,name.com,,,
dd8f63d0-61e3-4a73-a42b-1dd5110fa2a9,city.homes,resell,,,high,low,4,"Global Domains International, Inc.",26/11/2021 06:33,26/11/2026 23:59,
1d1f7259-1aa1-45b0-a7d5-8c218052c6ef,robed.homes,available,1.8,19.98,medium,low,5,namecheap,,,06/08/2026 05:03
d4568cbe-789d-4006-94ce-280aea54b069,gmail.homes,premium,2500,,high,high,5,name.com,,,
42834765-4c64-410f-842b-65610f634e88,discomfort.homes,available,1.99,15.75,high,low,10,namesilo,,,
8d66dbd0-1aab-4264-8c8f-e708d68a107c,beheaded.homes,available,1.8,19.98,medium,low,8,namecheap,,,09/08/2026 10:21
a7f379c2-81a2-40eb-ba1f-9eeec432da51,slowness.homes,available,1.99,,high,low,8,name.com,,,
6411b07a-421f-40a0-ab85-88537f0101cc,respectively.homes,available,1.99,,medium,low,12,name.com,,,
790ac112-f073-4d09-a5dc-97803927b993,mixing.homes,available,1.99,,high,low,6,name.com,,,
5d9d0744-2993-4ffe-b884-7c4147cac08f,trillionaire.homes,available,1.99,,high,low,12,name.com,,,
7ebb1b5c-8bea-4d04-b3a2-e81851c63798,artless.homes,available,1.8,19.98,high,low,7,namecheap,,,06/08/2026 23:47
8d1f79e4-91a5-4020-b5d9-f40f50c5488c,involve.homes,available,1.99,,high,low,7,name.com,,,
b21a83b4-a099-4d52-bab5-ae50762a4dff,china.homes,available,,,high,low,5,,,,
e3baf599-9291-45e3-b671-b679741bbdbb,affiliation.homes,available,1.99,15.75,high,low,11,namesilo,,,
f041b33c-a626-4a08-afbb-40930f26231b,dive.homes,available,1.99,15.75,high,low,4,namesilo,,,
8bf3332d-185a-45a1-8ed3-9acf21f74ca3,grouchy.homes,available,1.8,19.98,medium,low,7,namecheap,,,08/08/2026 07:52
d7fb7a6f-dd60-4980-8a71-c17f6fbae2ed,worst.homes,available,1.99,,high,low,5,name.com,,,
c5e09413-323f-4a3c-9900-65bd01567804,increase.homes,available,1.99,,high,low,8,name.com,,,
aa6a7014-6b2f-4263-8bb4-dba3e936b900,bluetooth.homes,available,1.99,,high,low,9,name.com,,,
1ab6fc21-6b92-4685-beeb-1477f217c47c,attraction.homes,available,1.99,15.75,high,low,10,namesilo,,,
6be841f7-7999-478b-b1c4-1169c3a4d562,oklahoma.homes,premium,812.5,,high,low,8,name.com,,,
8e820fbc-31b9-4ea7-90d0-9a6d5695cba6,laptop.homes,premium,812.5,,high,low,6,name.com,,,
c30cefed-ffe0-4220-8240-92922ee261a2,stricken.homes,available,1.8,19.98,high,low,8,namecheap,,,
e58b1c12-9e56-4b5b-abaa-129c6a6599de,triple.homes,available,1.99,,high,low,6,name.com,,,
f690a8b7-f166-4d21-9ae9-acb8b7e5c9b7,haiti.homes,available,,,high,low,5,,,,
ec3a5c21-a445-4777-93c3-7ec655410139,accessary.homes,available,1.8,19.98,medium,low,9,namecheap,,,
b852a796-033a-4097-958f-e4e890220e90,reminder.homes,available,,,high,low,8,,,,
87be3934-4a93-4352-85b2-9b75327e6b9e,anechoic.homes,available,1.8,19.98,medium,low,8,namecheap,,,
09175466-127f-4c66-bd6e-805c883fb422,confuse.homes,available,1.99,15.75,high,low,7,namesilo,,,
cd7b117a-b84a-47d0-bf7a-a72d2746d3d9,scheduled.homes,available,1.99,,high,low,9,name.com,,,
b59d8c4f-fa54-4c4c-8ac1-b31627769171,parliamentary.homes,available,1.99,,medium,low,13,name.com,,,
fb6b7a3d-47a9-4dce-9def-184f00062df1,arriving.homes,available,1.99,,medium,low,8,name.com,,,
37d7c863-387f-4b22-b8d7-6cb17fdeceeb,restrain.homes,available,1.99,,high,low,8,name.com,,,
0600fe87-6002-4868-a192-45933a3bfde6,surprisingly.homes,available,1.99,,high,low,12,name.com,,,
83ba8529-e1ba-468c-8d14-752e4f52bb0b,jewelry.homes,premium,812.5,,high,low,7,name.com,,,
961f5fb5-bdec-4019-9d8d-309e7a4794a7,vague.homes,available,1.99,,high,low,5,name.com,,,
3e3eaa24-8b65-4261-a964-acc8d54abaff,detail.homes,resell,,,high,low,6,"Spaceship, Inc.",01/11/2025 04:48,01/11/2026 23:59,
27207309-900c-44b2-b428-fd9aa73af588,frequently.homes,available,1.99,,high,low,10,name.com,,,
bdf2cd13-f0a3-46a9-a622-66b4cd61d1be,cone.homes,available,1.99,15.75,high,low,4,namesilo,,,
911fe25a-a279-420e-bd88-04db32b49b77,beaded.homes,available,1.8,19.98,medium,low,6,namecheap,,,09/08/2026 03:18
ece7d5a2-82b2-48f2-86a2-b81896c43ac6,january.homes,available,1.99,,high,low,7,name.com,,,
47b4c393-fee8-49b1-82a7-f5a10c624bae,container.homes,premium,10000,,high,medium,9,name.com,,,
01f8562f-c344-4da9-bd39-b3353c17f198,tertiary.homes,available,1.8,19.98,medium,low,8,namecheap,,,
e86dbd74-835e-4843-98d9-7445058a9fa9,timer.homes,available,1.99,,high,low,5,name.com,,,
aab971e2-a27a-457a-87e2-363fafc3a0d9,unskilled.homes,available,1.8,19.98,medium,low,9,namecheap,,,
377be4d6-974b-4585-8a56-72454ad0d2e0,anodyne.homes,available,1.8,19.98,high,low,7,namecheap,,,
b9ae2739-e6cd-4fba-90a1-af1277a8700d,wrong.homes,available,1.99,,high,low,5,name.com,,,
a803a3be-486a-4c48-9aba-8613a9a1d858,froze.homes,available,1.99,15.75,medium,low,5,namesilo,,,
b291ab2f-5b1f-4108-bd5c-1e0f274c5cc0,pulled.homes,available,1.99,,high,low,6,name.com,,,
985a8734-985b-4d89-87ba-2499de247b28,lizard.homes,available,,,high,low,6,,,,
7422eab3-d6ce-4b71-a45d-a9ca9691f6a0,ohmygosh.homes,available,1.99,,high,low,8,name.com,,,
5311adaf-6e42-47dd-8e41-c22d9784dde6,twice.homes,available,1.99,,high,low,5,name.com,,,
fcd15cce-0b3b-4034-b6b6-618e96094f0f,armoured.homes,available,1.8,19.98,high,low,8,namecheap,,,06/08/2026 20:10
581f561c-5cdc-48ce-b20a-d0fca83804db,moldy.homes,available,1.99,,medium,low,5,name.com,,,
3bb7a92d-61a2-441b-9054-7832e3c7e57e,crimes.homes,available,1.99,,high,low,6,name.com,,,
dd4ef04f-cb23-4d65-b366-96ba88f3aa3d,condolence.homes,available,1.99,15.75,high,low,10,namesilo,,,
e26fd067-4926-4e77-8522-7a01e002e06c,atonic.homes,available,1.8,19.98,low,low,6,namecheap,,,07/08/2026 13:54
3b30afcd-1bc7-4fd8-b428-4f1e5737b361,amative.homes,available,1.8,19.98,medium,low,7,namecheap,,,
325b3deb-251e-4d5b-896e-9f51ba4ae382,pretense.homes,available,1.99,,high,low,8,name.com,,,
ee6fb4b7-3d4e-43d3-b987-035771eb471b,must.homes,available,1.99,,high,low,4,name.com,,,
14db94db-facd-4fcc-b86f-0d695f910514,pissed.homes,available,1.8,19.98,medium,low,6,namecheap,,,
20fef3ff-8782-40ac-9a1b-7a29ff926d98,solvable.homes,available,1.99,,high,low,8,name.com,,,
90cb5995-0ce5-4024-a1ff-bb94b5c86852,undeveloped.homes,available,1.99,,high,low,11,name.com,,,
3a658513-85a3-4562-a593-65edc1dd0d62,leaders.homes,available,1.99,,high,low,7,name.com,,,
af50b174-b3c6-4209-aa54-84c55825ea57,facilitate.homes,available,1.99,15.75,high,low,10,namesilo,,,
01145245-e2ff-4021-be7e-50f98a1c1e07,victoria.homes,premium,812.5,,high,low,8,name.com,,,
5933be08-2378-48ab-bb95-9d00fb0af284,antlered.homes,available,1.8,19.98,medium,low,8,namecheap,,,05/08/2026 20:11
8e8da688-708c-4e1d-aa70-23198c05532e,bull.homes,resell,,,high,low,4,Dynadot Inc,14/09/2026 20:59,14/09/2027 23:59,17/09/2026 05:31
e1539a3c-3b9b-427b-8586-123745b82a6b,jeep.homes,premium,2500,,high,medium,4,name.com,,,
f68498bb-1fe1-47e2-9cbd-eee401b305c9,bear.homes,premium,2500,,high,low,4,name.com,,,
a5000456-9031-4527-b9df-199b8328ea60,streetcleaner.homes,available,1.99,,low,low,14,name.com,,,
faedbdb2-5e2f-4fec-a318-168fa082c564,having.homes,available,1.99,,high,low,6,name.com,,,
c0695dda-7c78-4071-950b-e42f5781d54a,shortly.homes,available,1.99,,high,low,7,name.com,,,
185ea78b-afd5-42ec-a3f8-2cab58934be6,assuming.homes,available,1.8,19.98,high,low,8,namecheap,,,07/08/2026 08:16
630b97bc-da8c-40d8-8d3d-278a54233f7e,language.homes,available,1.99,,high,low,8,name.com,,,
8b01cf92-d764-4d6d-9275-7ba78f526097,triad.homes,resell,,,high,low,5,"Global Domains International, Inc. DBA DomainCostClub.com",08/12/2024 03:02,08/12/2026 23:59,
ff524a90-1a21-43dc-8c31-e8aa22ae7c92,outlander.homes,available,1.8,19.98,high,low,9,namecheap,,,
21fd07b2-94dc-4abf-8abd-43542fa10ff1,supplies.homes,premium,845,15.73,medium,low,8,namecheap,,,
e55b9d8b-5ff9-45e8-950d-927fe2f581c1,sheraton.homes,premium,2500,,high,high,8,name.com,,,
ccbcf83d-3c4f-48b0-ae90-75313f6cb9f0,undergraduate.homes,available,1.99,,high,low,13,name.com,,,
860429cc-eda4-4858-bd55-04bd264cbe31,kilometer.homes,available,1.99,,high,low,9,name.com,,,
00399a4f-08c6-4d19-9a8d-36345245bed9,confide.homes,available,1.99,15.75,high,low,7,namesilo,,,
6f48def5-67a3-4f78-855c-daec32aefadb,caustic.homes,available,1.8,19.98,medium,low,7,namecheap,,,
81ed0547-df6f-47b0-a83e-c2574e7dfd94,onion.homes,resell,,,high,low,5,Dynadot LLC,08/02/2026 16:14,08/02/2027 23:59,
aaecd0e1-11a3-4961-9594-47ebb3228b3e,quite.homes,available,1.99,,high,low,5,name.com,,,
66717d28-c92c-4aa4-8a42-bdb3bca4654b,sloped.homes,available,1.8,19.98,medium,low,6,namecheap,,,07/08/2026 04:26
89a70cf2-e55e-40ce-b82d-847fa259de36,unstoppable.homes,available,1.99,,high,low,11,name.com,,,
b0f3e4e7-a06e-4867-82a4-d1db028ad0b8,stands.homes,available,1.99,,medium,low,6,name.com,,,
6bb22fe7-58d5-422b-932a-8e49a2d1ec9b,beginning.homes,available,1.8,19.98,high,low,9,namecheap,,,09/08/2026 09:06
921574c6-8b05-4de5-8ff3-e48d562c27e5,yeasty.homes,available,1.8,19.98,medium,low,6,namecheap,,,08/08/2026 19:56
02a41850-b2a9-486a-bfc5-7694c45f62a8,yearbook.homes,available,1.99,,high,low,8,name.com,,,
968c3b74-47bc-4a38-afd9-b4e293f9d965,condiment.homes,available,1.99,15.75,high,low,9,namesilo,,,
3a6ea512-c19c-4153-8efb-fa2408ec4f85,seeing.homes,available,1.99,,high,low,6,name.com,,,
2c91ada2-4a76-4987-baec-0acee748a837,basilar.homes,available,1.8,19.98,medium,low,7,namecheap,,,08/08/2026 22:16
0ed46342-d69d-4acb-920c-ce2883caa752,dating.homes,premium,812.5,,high,low,6,name.com,,,
bf5626b6-7ad3-48ad-93f7-c634ecebd333,currently.homes,available,1.99,,high,low,9,name.com,,,
57daf895-2df4-4392-bfc7-90dae9051989,expedition.homes,resell,,,high,low,10,"Spaceship, Inc.",01/11/2025 04:34,01/11/2026 23:59,
b761b4e8-3764-4bc0-a7fd-046c5bf15a85,abo.homes,available,1.8,19.98,high,low,3,namecheap,,,
8569ca79-1ae4-4bd3-8a33-ab6b401a585a,implausible.homes,available,1.99,,medium,low,11,name.com,,,
f20b0a77-b217-49d1-b69d-258d2efcc607,bidens.homes,available,1.99,15.75,high,low,6,namesilo,,,
2566cbe2-8699-435a-8bc6-0899c2fc39ce,abasic.homes,available,1.8,19.98,medium,low,6,namecheap,,,
d58fca01-f09d-48ef-8187-b6abcc04ec0b,cons.homes,available,1.99,15.75,high,low,4,namesilo,,,
da9d110b-0ccb-408b-91ee-6d2e61c02aee,supper.homes,available,1.99,,high,low,6,name.com,,,
3d835427-7189-43e9-884c-4ab472b5982d,theirs.homes,available,1.99,,medium,low,6,name.com,,,
43cf47b2-75e9-465b-ba9f-bd6d793ba4cf,befuddled.homes,available,1.8,19.98,medium,low,9,namecheap,,,07/08/2026 11:41
550b5097-7a19-47d9-8b0f-477d45df0421,noise.homes,available,1.99,,high,low,5,name.com,,,
49dd9ebb-22f3-4ce2-87a2-dc343936fdbe,assiduous.homes,available,1.8,19.98,medium,low,9,namecheap,,,07/08/2026 06:09
6d5491be-2db9-4d05-bb7b-8757189b0be8,jersey.homes,available,,,high,low,6,,,,
d75f9229-bdfc-41b7-b7d8-34769087f261,barefaced.homes,available,1.8,19.98,medium,low,9,namecheap,,,08/08/2026 09:20
01a60369-5ff9-44bb-bcb4-d8949ca4dd5f,untrustworthy.homes,available,1.99,,medium,low,13,name.com,,,
a643a19e-6ac7-4521-8829-29e0805aff78,barbeque.homes,available,1.99,15.75,high,low,8,namesilo,,,
9ec59b15-16eb-4b51-8e22-bb048e00799c,beg.homes,available,1.99,15.75,high,low,3,namesilo,,,
bba922b9-f36e-4ea8-bd61-f3b93b46190d,genuinely.homes,available,1.99,15.75,high,low,9,namesilo,,,
57b788c7-752f-4a8a-adac-ad7bc231b4dc,marine.homes,premium,2500,,high,low,6,name.com,,,
ded679e4-f51a-4a1c-9bae-ac0d610a3165,sink.homes,available,1.99,,high,low,4,name.com,,,
910e4f5e-8d5a-4ad5-a8a0-700ee2ec2b73,unemployed.homes,available,1.99,,medium,low,10,name.com,,,
5471fef7-1f67-4412-bf41-73754b4c718a,anterior.homes,available,1.8,19.98,high,low,8,namecheap,,,
b2623a5d-8fa0-43a9-9da8-15110694e3a9,asiatic.homes,available,1.8,19.98,medium,low,7,namecheap,,,07/08/2026 02:29
d1de842e-e262-49d0-9fb4-07d6e8a09600,ike.homes,available,1.99,,high,low,3,name.com,,,
9a332ee7-2e5e-4034-9557-9bb16c01c5d8,bravery.homes,resell,,,high,low,7,"Spaceship, Inc.",02/12/2025 05:33,02/12/2026 23:59,
8647c930-e257-449e-b263-edc24fe2929c,inverse.homes,available,,,high,low,7,,,,
07c33c3a-01de-4642-9538-9a886ae8c6ec,propagated.homes,available,1.99,,medium,low,10,name.com,,,
f1d15e09-70fe-4d73-a076-7469ffa06337,wore.homes,available,1.99,,medium,low,4,name.com,,,
4fada849-a4db-42fd-8aa1-761dd790acd6,soupy.homes,available,1.8,19.98,medium,low,5,namecheap,,,09/08/2026 01:20
c8b6785c-8de9-40b0-9372-998b42ab9419,testimony.homes,available,1.99,,high,low,9,name.com,,,
78f2e068-387e-41e5-b67e-8426cf4c1a57,seriously.homes,available,1.99,,high,low,9,name.com,,,
67e133ed-3315-4388-8e65-b22cfc7522b6,dose.homes,available,1.99,15.75,high,low,4,namesilo,,,
ab327418-b35a-4624-b361-540f666d34b5,philadelphia.homes,premium,812.5,,high,low,12,name.com,,,
25c7f08d-c9c4-48e7-ac50-d33b8e0c0a67,advertisement.homes,available,1.99,17.29,high,low,13,namesilo,,,24/09/2026 08:18
74d98ff3-9ce7-4b6a-a1d3-d9fda264f5cf,victorian.homes,premium,2500,,high,low,9,name.com,,,
3affa2f6-00ea-4c0e-a593-9e4195d75c1d,facilitating.homes,available,1.99,15.75,medium,low,12,namesilo,,,
c10103e6-1a09-463a-9327-1a28562207a1,recondite.homes,available,1.8,19.98,high,low,9,namecheap,,,
debb90de-81d2-49d9-80f4-7fac9a41c2f7,ocean.homes,premium,812.5,,high,low,5,name.com,,,
882e0a63-a152-4f06-9d2c-a2ff4a914d84,direction.homes,available,1.99,15.75,high,low,9,namesilo,,,
01f0ac34-f355-48a6-a64f-35a91f0c48b8,vincible.homes,available,1.8,19.98,medium,low,8,namecheap,,,09/08/2026 05:42
09a2d419-c872-43e8-a5ac-2175a0fb4cf7,wannabee.homes,available,1.8,19.98,medium,low,8,namecheap,,,07/08/2026 05:22
21ecabb3-48d8-4669-a2f8-2b38f0e686de,ashen.homes,available,,,medium,low,5,,,,
80369401-6a00-4f15-8ce1-c6b10e5ef057,stroke.homes,available,1.99,,high,low,6,name.com,,,
f86f517c-cc72-4042-b207-05c4b7d85289,youre.homes,available,1.99,,medium,low,5,name.com,,,
0425035e-facf-4345-8f84-1113890bf59f,mouthguard.homes,available,1.99,,medium,low,11,name.com,,,
8af36b2e-33f1-4dfe-8791-bba44a91e618,objectively.homes,available,1.99,,high,low,11,name.com,,,
708f8c17-c5c2-445a-87b9-7e8cd9cc4a56,bead.homes,available,1.99,15.75,high,low,4,namesilo,,,
c26de104-5574-408e-9570-b68ae600ec18,captivated.homes,available,1.8,19.98,medium,low,10,namecheap,,,09/08/2026 09:52
9b4e3765-c1ba-46cb-9fb4-40a2718349cb,radio.homes,premium,812.5,,high,medium,5,name.com,,,
1422e306-4090-465a-bf0f-8ada660efe6f,ninth.homes,available,1.8,19.98,high,low,5,namecheap,,,
0615f761-b46a-4ed9-969a-4bd5dbcf53ac,prick.homes,available,1.8,19.98,high,low,5,namecheap,,,08/08/2026 23:38
bf632a18-a473-49e6-8c7e-81cd72298dc8,canadas.homes,available,1.99,,medium,low,7,name.com,,,
13ea6b33-8581-4b40-a255-0006a74b2ece,nickelodeon.homes,available,1.99,,high,low,11,name.com,,,
d5818c86-a849-4138-9a7e-11c7d7e8a79c,movies.homes,premium,812.5,,high,low,6,name.com,,,
3f7db5f3-27bc-42fa-9d83-2fca567935a7,proclaiming.homes,available,1.99,,high,low,11,name.com,,,
46cf953b-e32e-4a9a-8f3f-4697b9564b86,beatable.homes,available,1.8,19.98,medium,low,8,namecheap,,,09/08/2026 05:37
9be1a38f-eeda-43d6-9e51-998f683c7875,lying.homes,available,1.99,,high,low,5,name.com,,,
40b28274-34de-4b10-b4ca-0f7346ac1415,basics.homes,available,1.99,15.75,high,low,6,namesilo,,,
312fd744-450c-4b18-b51b-219c304cdfd1,marks.homes,premium,812.5,,high,low,5,name.com,,,
c737038c-586a-4a3d-a6ce-6cb7525bb11b,mostly.homes,available,1.99,,high,low,6,name.com,,,
f1d7f874-71c0-4346-a721-aefada873c76,affine.homes,available,1.8,19.98,high,low,6,namecheap,,,
35a82652-9782-4aa5-ab14-ae727efad140,europe.homes,premium,2500,,high,low,6,name.com,,,
3fdde580-32b6-4f13-be22-661ec281dbf5,aggravated.homes,available,1.8,19.98,high,low,10,namecheap,,,
b6087d29-0798-4b0d-a41f-38e25a12a694,codes.homes,premium,812.5,,high,low,5,name.com,,,
7e6a9105-2017-44d6-8946-158578508271,thirtieth.homes,available,1.8,19.98,high,low,9,namecheap,,,
44ec602a-47d0-47f4-b2d3-43fe52ab0555,fifth.homes,available,1.8,19.98,high,low,5,namecheap,,,
6b468fe4-13e9-4b19-ab61-cdcfbe046829,surfboard.homes,available,1.99,,high,low,9,name.com,,,
2be22dc1-6772-4b98-a246-3e7cf3ca5fb7,antifungal.homes,available,1.8,19.98,high,low,10,namecheap,,,
2a3f1ca1-38b9-4cab-972f-dd7335005e2e,avestan.homes,available,1.8,19.98,medium,low,7,namecheap,,,07/08/2026 23:07
18caa166-887c-4d03-96d4-e47169883c3b,auric.homes,available,1.8,19.98,high,low,5,namecheap,,,07/08/2026 17:36
c1a2baa7-4652-4e02-842c-0a0853e1748a,leather.homes,premium,2500,,high,low,7,name.com,,,
08d6861c-bad7-48dc-a470-6534e21ea9f1,bless.homes,resell,,,high,low,5,"Xiamen ChinaSource Internet Service Co., Ltd",28/10/2025 10:16,28/10/2026 23:59,
2b1085dd-d296-40d0-84d4-3aabffd4284b,recorded.homes,available,1.99,,high,low,8,name.com,,,
f218efa8-394a-420b-9ca8-b7e99cd21f61,verbal.homes,available,1.99,,high,low,6,name.com,,,
50a9f443-477b-4150-9d21-578173e6d805,longitude.homes,available,1.99,,high,low,9,name.com,,,
579b01f6-a457-4d71-b790-e0d4eab63843,poverty.homes,available,1.99,,medium,low,7,name.com,,,
991f3240-4d1b-4e3c-a13f-53a031cb7f54,wakening.homes,available,1.99,,high,low,8,name.com,,,
b8978fcf-a698-4a1a-8d78-9e8fe49a2ea9,barren.homes,available,1.8,19.98,medium,low,6,namecheap,,,08/08/2026 20:57
675d11c5-473b-45ae-af0d-57bfa7272917,ebay.homes,premium,2500,,high,high,4,name.com,,,
2d4acffd-469b-48da-8087-40a9c466b05b,spray.homes,premium,812.5,,high,low,5,name.com,,,
3697a2eb-1b9b-4c6b-ae2f-58b669611838,storyteller.homes,available,,,high,low,11,,,,
6080a4a2-fcaf-4769-b223-48d2ccf7346e,overflow.homes,available,1.99,,high,low,8,name.com,,,
45fe0ec5-d602-47e1-80ca-72dfe2bf8d29,plentiful.homes,available,1.99,,high,low,9,name.com,,,
6a6c7137-bd40-4a82-8751-3b48b01483e6,diligence.homes,available,1.99,15.75,high,low,9,namesilo,,,
f626584b-48d6-4c20-ace1-81c57c142852,arterial.homes,available,1.8,19.98,high,low,8,namecheap,,,06/08/2026 22:29
8c938c6e-6adb-45e9-9fb7-c15b5f722310,shall.homes,available,1.99,,high,low,5,name.com,,,
da98f57f-e5e8-47b0-9e36-9e53a2c27d6a,ilx.homes,available,1.8,19.98,medium,low,3,namecheap,,,
ccb0cab0-9978-4522-a522-65b8aade8757,melt.homes,available,1.99,,high,low,4,name.com,,,
2d925e69-efe7-4efa-866f-3de8298fb951,refrigerator.homes,available,1.99,,high,low,12,name.com,,,
6f403d8f-2805-4992-9e8c-c51d835c33f7,ttyl.homes,available,,,medium,low,4,,,,
0797c4bd-52ae-4a2d-949c-31c1a2783ee8,reader.homes,resell,,,high,low,6,"Spaceship, Inc.",01/11/2025 04:48,01/11/2026 23:59,
06dc9ff3-e634-401f-9556-af0a4e2448dc,bars.homes,premium,2500,,high,low,4,name.com,,,
aa674abe-87d9-4574-bc81-83f9ce0cd3e3,hassle.homes,available,1.99,,high,low,6,name.com,,,
76ce6b4c-8e53-43ba-b510-2abfb7f71da6,toddler.homes,available,1.99,,high,low,7,name.com,,,
708c2a7f-7fc8-4d67-a766-e560938c68af,marihuana.homes,available,1.99,,high,low,9,name.com,,,
0654d1e4-418f-4b62-8215-6fda248629e7,start.homes,premium,812.5,,high,medium,5,name.com,,,
26da1045-5fe3-4118-85de-535d4fbd660f,promoter.homes,available,1.99,,high,low,8,name.com,,,
81d80d5c-1008-497e-9698-fa1c258f655e,cheerfully.homes,available,1.99,15.75,high,low,10,namesilo,,,
08b78a91-95e7-4d25-8993-faaafcdf6158,intrinsic.homes,premium,2500,,high,low,9,name.com,,,
7b5fff75-f643-41dc-98bd-cd8e95cac91a,pamela.homes,premium,812.5,,high,low,6,name.com,,,
0051307f-ff58-4cee-8bbe-a0d8023c07e2,exposure.homes,available,1.8,21.98,high,low,8,namecheap,,,08/09/2026 13:44
88d2bec1-667d-4134-a198-1e9fe781ca3f,areal.homes,available,,,medium,low,5,,,,
cefabbf7-2cb1-4628-8bdc-928610e66e39,abstinent.homes,available,1.8,19.98,high,low,9,namecheap,,,
f334c53e-696d-48cc-91a1-35ad182fc1a7,beaten.homes,available,1.8,19.98,medium,low,6,namecheap,,,09/08/2026 05:47
e26545e5-f418-4228-975b-36bc92b0d5bc,ideas.homes,premium,812.5,,high,low,5,name.com,,,
6d620ab0-b9f6-44f4-b310-4b000cc3ebb7,confused.homes,available,1.8,19.98,high,low,8,namecheap,,,07/08/2026 12:02
cdea86a8-bcfb-465a-a61c-51c1cdc1cac1,kooky.homes,available,1.8,19.98,high,low,5,namecheap,,,06/08/2026 21:04
36f64f42-55d1-44a4-aaa1-08e34568bbfe,irritation.homes,available,1.8,19.98,high,low,10,namecheap,,,
b63c8d07-20e5-4de8-8e04-d9b2196ec7d4,aurorean.homes,available,1.8,19.98,medium,low,8,namecheap,,,07/08/2026 18:12
ad6ee165-c3de-447e-809b-bc38a9ec8e44,guitar.homes,available,,,high,low,6,,,,
84f0881f-e3e3-4eea-9ac1-7c201aadbf7d,mat.homes,resell,,,high,low,3,Dynadot Inc,18/08/2026 01:32,18/08/2027 23:59,08/09/2026 07:48
8e2780f1-517b-4b7c-96e2-db907bee716c,formalize.homes,available,1.99,15.75,high,low,9,namesilo,,,
ae1850a8-97a1-492b-b24e-513766ce8c9f,especially.homes,available,1.99,,high,low,10,name.com,,,
16cd70e2-bfab-45a8-9ef5-8cd24742639e,vanity.homes,premium,812.5,,high,low,6,name.com,,,
b68bd91c-0c95-477c-96f7-997025549c49,unhappiness.homes,available,1.99,,medium,low,11,name.com,,,
3d399c8c-c086-4892-a7cc-f3356d8cb242,swim.homes,premium,812.5,,high,low,4,name.com,,,
1749433c-02b9-4732-9612-7b668ff3e3e9,stink.homes,available,1.99,,high,low,5,name.com,,,
c77ec2a3-af4a-424f-a9dd-dcdd00a7ac49,knot.homes,available,1.99,,high,low,4,name.com,,,
93a7dbc8-e3ca-4828-b55c-4aa9fae121bf,bought.homes,available,1.99,15.75,high,low,6,namesilo,,,
7c511df3-4491-458b-afae-824a9bd4e61b,almighty.homes,available,1.8,19.98,high,low,8,namecheap,,,
e516de41-a88d-4d50-8246-9bf7aec348a4,jacket.homes,available,1.99,,high,low,6,name.com,,,
86bbb413-bab9-44b4-8856-501672150c77,prickly.homes,available,1.8,19.98,high,low,7,namecheap,,,08/08/2026 17:34
3b7f5c0b-e991-490e-9711-7dad2313267c,chairperson.homes,available,1.99,15.75,high,low,11,namesilo,,,
9642ace3-c0d6-4628-a3c0-3a89f51a1e28,thanks.homes,premium,812.5,,high,low,6,name.com,,,
582f1a9f-ec75-4e5b-a796-0550ba8d93f3,alamo.homes,premium,812.5,,high,medium,5,name.com,,,
1544c65b-5921-4d0d-914a-20e9221ef52a,spreadsheet.homes,available,1.99,,high,low,11,name.com,,,
19794ae0-b6fb-422d-9008-e58e2ce4dd0f,airport.homes,resell,,,high,low,7,"Spaceship, Inc.",17/01/2026 15:35,17/01/2027 23:59,
2b5228b5-2cd9-4ad3-a6ec-8e8b8b1c1cb1,panoplied.homes,available,1.8,19.98,medium,low,9,namecheap,,,06/08/2026 21:42
bb19d004-ef40-4bc2-9094-f38bff7bc8cb,chagrined.homes,available,1.8,19.98,medium,low,9,namecheap,,,
0be4d5b3-b137-4c44-a0d8-35958820b35c,retiring.homes,available,1.99,,high,low,8,name.com,,,
93358560-ad77-49e8-b4ab-d2237b328578,citizen.homes,premium,2500,,high,low,7,name.com,,,
0d01ce68-fa4f-49ac-9a72-7691d2147c83,heptad.homes,available,1.8,19.98,medium,low,6,namecheap,,,
3535febf-f9a7-4379-a037-818a346b064b,wikileaks.homes,available,1.99,,medium,low,9,name.com,,,
3d731e75-b22e-4e28-bb32-69cd0a8561a0,mazed.homes,available,1.8,19.98,medium,low,5,namecheap,,,07/08/2026 12:07
ee863744-7c99-420f-ac65-d7257eb8cb82,acetonic.homes,available,1.8,19.98,medium,low,8,namecheap,,,
2d3cb637-7543-49e7-bfdf-c6e29447edff,blanket.homes,available,,,high,high,7,,,,
e8c13019-d579-4cfc-b1e0-e8ffb3e23766,crocodile.homes,available,,,high,low,9,,,,
1a2d555e-9906-4029-816f-96b446a69a06,fought.homes,available,1.99,15.75,medium,low,6,namesilo,,,
085db8d4-c827-445a-aab3-eef0a126d5bf,wintertime.homes,available,1.99,,high,low,11,name.com,,,
b4b95843-7851-4285-a40f-543bb2c06352,sighted.homes,available,1.99,,high,low,7,name.com,,,
4d6928f6-7e16-4408-8dc4-ccfc277f358f,publicity.homes,available,1.99,,high,low,9,name.com,,,
289992e6-e413-46c4-9015-4eba3579b14a,barber.homes,premium,812.5,,high,low,6,name.com,,,
fc1b53c6-0ab5-409c-a291-c8e9ab54593e,endowment.homes,available,1.99,15.75,high,low,9,namesilo,,,
a38f53be-a35e-49f9-a272-91f3f31fb7c5,scratchy.homes,available,1.8,19.98,medium,low,8,namecheap,,,
12389094-9972-4cd5-a3b5-08cb5b85226b,digits.homes,premium,43.75,,high,low,6,name.com,,,
7d1f6739-7a98-4614-a29a-d61b84804edf,captive.homes,available,,,high,low,7,,,,
28487ce5-95a6-4542-8acd-d6fba230848d,plier.homes,available,1.99,,high,low,5,name.com,,,
11a7be19-032b-4892-b435-bcfdcaafa9e9,feb.homes,available,1.99,15.75,high,low,3,namesilo,,,
a52db6f6-cb18-42e4-aae1-983deb0dfb4b,lot.homes,resell,,,high,low,3,"Porkbun, LLC",14/06/2022 17:47,14/06/2026 23:59,
7172c062-1fdf-4a4d-bbf0-25f39b353050,corresponding.homes,available,1.99,15.75,high,low,13,namesilo,,,
a0a4daeb-bbb8-4ca4-99bc-a76781e0a883,stranded.homes,available,1.99,,high,low,8,name.com,,,
0386087d-18d1-469a-a98a-20da4cd3b178,nun.homes,available,1.99,,high,low,3,name.com,,,
4680f7ed-e267-4fa2-adb8-b5cfdd9f80f5,loaded.homes,resell,,,high,low,6,"Spaceship, Inc.",13/05/2026 07:42,13/05/2027 23:59,
a9bea0cd-c599-4404-b38d-7e1309a1d64e,shoulders.homes,available,1.99,,high,low,9,name.com,,,
370c98d1-8549-42ae-b740-0557168a3092,athenian.homes,available,1.8,19.98,medium,low,8,namecheap,,,07/08/2026 13:08
9f35cdcc-2a28-4acc-a3c7-7574418b36f1,demonstration.homes,available,1.99,15.75,high,low,13,namesilo,,,
b938a488-d34f-4421-8e01-753e759e23a8,learnt.homes,available,1.99,,medium,low,6,name.com,,,
0a45c17d-8f9e-4839-9b27-a0df1c14213a,amphibian.homes,available,1.8,19.98,high,low,9,namecheap,,,
fb025541-00c5-43a3-a1d9-563dcc4f0916,rgb.homes,resell,,,high,low,3,"Go Daddy, LLC",03/03/2026 20:21,03/03/2027 23:59,
2305774f-dce1-4b12-bb3a-64ef89a4abf3,shoeless.homes,available,1.8,19.98,medium,low,8,namecheap,,,08/08/2026 19:04
798e3002-de4d-41a8-862a-6f5e2bdc5704,attract.homes,available,1.99,15.75,high,low,7,namesilo,,,
9bf3381b-46a3-44f6-b3b1-aa18a6efa065,snow.homes,premium,812.5,,high,low,4,name.com,,,
67687a03-ef3d-4570-8287-4e7184306c9f,pinging.homes,available,1.99,,high,low,7,name.com,,,
3f77b1e2-d625-4b88-a488-7a6cdf8a60eb,print.homes,premium,812.5,,high,medium,5,name.com,,,
8ce0f655-4155-4df7-a6c5-65cfdb7b11f3,say.homes,resell,,,high,low,3,"Spaceship, Inc.",17/01/2026 15:35,17/01/2027 23:59,
63534022-927b-4b59-91a8-9ba6fe3f0c90,jay.homes,available,1.99,,high,low,3,name.com,,,
dee33fb2-3ead-44c6-bdfd-f86a41f3582b,prolife.homes,available,1.99,,high,low,8,name.com,,,
14a8a93f-f06f-463f-9a66-2f767f8ece85,sanctioned.homes,available,1.8,19.98,high,low,10,namecheap,,,06/08/2026 09:24
006e8172-bd18-4898-b711-af2bf0146b68,panic.homes,available,1.99,,high,low,5,name.com,,,
46eed247-ef55-40ca-a8fb-dff0d0691052,abridged.homes,available,1.8,19.98,high,low,8,namecheap,,,
1b88e08e-7910-46c4-b481-bffdc4ebffba,sore.homes,available,1.8,19.98,high,low,4,namecheap,,,
7d6f0744-5862-4c52-8570-973958cc489f,grandchild.homes,available,1.99,15.75,high,low,10,namesilo,,,
79148f36-8fbb-47e1-9f82-54b0898bd7b4,coffeeman.homes,available,1.99,15.75,high,low,9,namesilo,,,
5d5a4a2e-8c6d-4583-951a-413e7e576389,meaningful.homes,premium,812.5,,high,low,10,name.com,,,
80b12be2-9c37-47db-8a94-c9d92663a213,guys.homes,premium,812.5,,high,low,4,name.com,,,
1dae64f5-c1ce-4a57-8f98-99fffd748629,supported.homes,available,1.99,,high,low,9,name.com,,,
91199773-19ec-473f-b707-2610a5382491,sharply.homes,available,1.99,,medium,low,7,name.com,,,
f7b1df05-3773-41a3-9bac-55c3fc15ee78,piano.homes,resell,,,high,low,5,Alibaba Cloud Computing Ltd. d/b/a HiChina (www.net.cn),05/06/2025 01:19,05/06/2026 23:59,
84c3f33d-ae44-42e5-bd98-9da09217fda1,adviseable.homes,available,1.99,15.75,high,low,10,namesilo,,,
395ebd34-11c3-440f-a979-2fc86e487454,nitrous.homes,available,1.8,19.98,high,low,7,namecheap,,,08/08/2026 03:03
ef09196a-82fd-455d-9ab8-0358527f85fc,canada.homes,available,,,high,low,6,,,,
8a2e9cf6-d435-4e72-80f8-a4d7633e8e96,organic.homes,premium,812.5,20.99,high,low,7,name.com,,,
378405cd-ec09-44a3-a839-ba12a1b547e4,barometric.homes,available,1.8,19.98,medium,low,10,namecheap,,,08/08/2026 20:06
b9bf1fc3-ca28-40df-82b0-06f3d87cb508,baseball.homes,premium,812.5,,high,low,8,name.com,,,
6aae58b1-3548-41ee-b581-6f31116bffbf,barn.homes,premium,2500,,high,low,4,name.com,,,
f2c822ca-a236-46b9-9c3c-8316aa4a8c58,anaclitic.homes,available,1.8,19.98,medium,low,9,namecheap,,,
e7a53d04-4046-40dd-9cf9-ef542bc1fdbd,breakfast.homes,available,1.8,21.98,high,low,9,namecheap,,,04/09/2026 13:27
de5dc700-7e07-4575-8f82-f5d1c475bbbf,trolling.homes,available,1.99,,high,low,8,name.com,,,
6ddc3c86-2351-401d-a37a-50329e5b0389,http.homes,premium,812.5,,high,high,4,name.com,,,
53a2418c-b5c8-4634-9f82-2f89efff4bff,miserable.homes,available,1.8,19.98,high,low,9,namecheap,,,
6216627c-0a8b-4006-bf71-787089c56508,childhood.homes,available,1.99,15.75,high,low,9,namesilo,,,
f4447d2f-071c-46c9-9816-c885e26541f1,citizenship.homes,available,1.99,15.75,high,low,11,namesilo,,,
4ebd63e3-a903-412c-ae08-1609b7674137,jar.homes,premium,812.5,,high,low,3,name.com,,,
d22fb9db-9162-4210-9199-649d18d9a149,fig.homes,available,1.99,15.75,high,low,3,namesilo,,,
52538a20-f4e2-4c11-b568-60abebe71dc7,smith.homes,premium,812.5,,high,medium,5,name.com,,,
42e31544-8fec-4dfb-9fe3-bef71d00e74d,adjective.homes,available,1.8,19.98,high,low,9,namecheap,,,
48017eea-a6c4-4053-97b2-91cbd5f27915,daring.homes,available,1.8,19.98,high,low,6,namecheap,,,07/08/2026 21:39
561851f0-41f0-4f2b-aeca-c2f3fd53419d,barbed.homes,available,1.8,19.98,medium,low,6,namecheap,,,08/08/2026 16:36
7e7f2efb-ce4f-4df4-977e-1fe993879de6,valid.homes,available,1.99,,high,low,5,name.com,,,
6aab0dfe-bca7-40c4-be73-8574388463ee,adamantine.homes,available,1.8,19.98,medium,low,10,namecheap,,,
c4eb3a05-1a4d-4ded-8860-4fcdd6553ab6,incorrect.homes,available,1.99,,high,low,9,name.com,,,
9f5faab5-78c9-48a4-896b-5755bf14fcc0,seaside.homes,resell,,,high,low,7,Dynadot LLC,15/06/2021 07:26,15/06/2026 23:59,
0e7b825a-14ae-4864-bc7b-996d602ecc65,psychologist.homes,available,1.99,,high,low,12,name.com,,,
bf05bca4-c118-4759-ad0a-721f3f2b1c2e,reliability.homes,available,1.99,,high,low,11,name.com,,,
f2c63ebe-9d04-48b3-b667-78edd2db8983,teen.homes,premium,812.5,20.99,high,low,4,name.com,,,
be7ec72e-30d7-4912-96aa-c7a7be3550dc,occasion.homes,available,1.99,,high,low,8,name.com,,,
9fb0aa07-94a3-4a6e-ace5-255ad6128bc3,paddle.homes,premium,812.5,,high,high,6,name.com,,,
95263a18-5a30-4611-b79c-09774feaa26d,roasted.homes,available,1.99,,high,low,7,name.com,,,
aa065804-9132-4a14-b6cf-5f18891b18e7,zooming.homes,available,1.99,,high,low,7,name.com,,,
4355f392-de3c-4022-b26a-e305c41c0365,tormented.homes,available,1.8,19.98,medium,low,9,namecheap,,,
4c188a09-2638-49b6-a741-1c1f994d574d,philips.homes,premium,2500,,high,medium,7,name.com,,,
d19cd21e-505f-49ae-9b41-e200dfeb73df,saved.homes,available,1.99,,high,low,5,name.com,,,
7982f20e-2ef0-42f5-a6c4-81f9d638624a,folder.homes,available,1.99,,high,low,6,name.com,,,
777253c1-b559-435d-9c1f-2de8e7b732ae,deficit.homes,available,1.99,,high,low,7,name.com,,,
0020e376-946e-476a-ac20-d7ff506b1093,agree.homes,available,1.99,15.75,high,low,5,namesilo,,,
3f829acf-343a-4d90-9493-4a19ba9230e9,twoscore.homes,available,1.8,19.98,medium,low,8,namecheap,,,
69210644-ce4e-406b-9b19-68be05a80942,odious.homes,available,1.8,19.98,medium,low,6,namecheap,,,
bd33f0b9-7e93-4c6c-b259-fc736d7574b7,spend.homes,available,1.99,,high,low,5,name.com,,,
9ce33a2b-4230-4824-b779-02755306c21e,nutrient.homes,available,1.8,21.98,high,low,8,namecheap,,,08/09/2026 11:42
970a8705-067e-46a7-a58a-4cbb41e2951c,duck.homes,premium,43.75,,high,low,4,name.com,,,
eb89b8b3-e962-4354-aac8-9004962680c2,dew.homes,available,1.99,,high,low,3,name.com,,,
d89c59f6-1bb1-40c4-94f5-c7d069ca9f05,threat.homes,resell,,,high,low,6,"Spaceship, Inc.",01/11/2025 05:08,01/11/2026 23:59,
3786a6fe-c15b-45de-a278-bdc8791f8838,pernicious.homes,available,1.8,19.98,medium,low,10,namecheap,,,08/08/2026 12:01
eb1c0d09-8907-4376-9546-1643aa9d693c,boer.homes,available,1.8,19.98,high,low,4,namecheap,,,
7c613149-3d6b-4c87-859a-94a4d3d1ab7d,browse.homes,premium,2500,,high,low,6,name.com,,,
6dce9e34-bad3-456c-bbbd-fc97117b6ab5,moscow.homes,premium,812.5,,high,low,6,name.com,,,
44de726b-c6f1-4757-be2a-63750a28e268,boom.homes,resell,668.06,,high,medium,4,Dynadot LLC,16/09/2025 08:27,16/09/2026 23:59,
2dc0e7ca-cfa9-468d-bb25-816802b6765a,abject.homes,available,1.8,19.98,high,low,6,namecheap,,,
2e0ab901-861f-4c3f-be76-6104ba177100,dickhead.homes,available,1.8,19.98,medium,low,8,namecheap,,,08/08/2026 23:34
f76f5b62-ef75-4225-8022-fb1b928afe7f,disassemble.homes,available,1.99,15.75,high,low,11,namesilo,,,
41d7bf61-8707-4132-8146-6d888d6f9eb2,during.homes,available,1.99,15.75,medium,low,6,namesilo,,,
53418ba0-4c46-4d33-8cd2-b12c7fb8c23e,equally.homes,available,1.99,15.75,high,low,7,namesilo,,,
45670b33-b3af-4fa4-acb3-874941b80c49,inundated.homes,available,1.8,19.98,medium,low,9,namecheap,,,08/08/2026 00:29
b55f151c-c309-4e38-b83f-2694bd293e6b,greetings.homes,available,1.99,15.75,high,low,9,namesilo,,,
433c7f53-d68c-419b-8a9c-48a5fed47c8d,nothing.homes,premium,2660,2660,high,low,7,namesilo,,,18/09/2026 03:15
42ee111d-80c0-4ba1-b5f8-a61882dd38b6,agone.homes,available,1.8,19.98,medium,low,5,namecheap,,,
56464834-65c1-400d-a8d7-79b1bde45050,bra.homes,available,1.99,15.75,high,low,3,namesilo,,,
de005bf8-99c0-4987-9b72-05fe9c8dc399,script.homes,available,1.8,21.98,high,low,6,namecheap,,,08/09/2026 13:57
8cdd4ac2-3501-40cd-86d2-dacc6acfcb77,agamic.homes,available,1.8,19.98,medium,low,6,namecheap,,,
d271776a-1683-4143-b401-fe53b8123126,invitation.homes,premium,2500,,high,low,10,name.com,,,
ef0cbc21-c751-49f2-94f5-83bf379820d5,choir.homes,available,1.99,15.75,high,low,5,namesilo,,,
844d4982-7fc4-4061-9f38-30364c7d63b5,multitude.homes,available,1.99,,high,low,9,name.com,,,
eb34b865-e76e-46a8-970f-fef14fa14bff,goat.homes,resell,,,high,medium,4,"Spaceship, Inc.",30/04/2025 21:02,30/04/2027 23:59,
aaad83cf-d09e-40c9-b05d-7d62692a0cfd,classroom.homes,premium,41.3,41.3,high,low,9,namesilo,,,
bc10cfb3-0b41-405b-91d6-fe78b714a7b8,characteristic.homes,available,1.99,,high,low,14,name.com,,,
1a1810bf-cd43-4d51-baf8-2bcea093a3c9,shakespeare.homes,available,1.99,,high,low,11,name.com,,,
bbe5676b-7979-4eda-ab99-e948be475243,pencil.homes,available,1.99,,high,low,6,name.com,,,
43f90924-a520-498f-bae8-f6154af32df9,prove.homes,available,1.99,,high,low,5,name.com,,,
37875168-26d0-4144-913d-76809ab08ee0,gail.homes,available,1.99,15.75,high,low,4,namesilo,,,
7d6af63c-91f3-4f03-8b81-c00270783a88,grains.homes,available,1.99,,high,low,6,name.com,,,
65ec5961-7541-4bf4-a2e1-f9aec2cbe453,omniscient.homes,available,1.8,19.98,high,low,10,namecheap,,,
f832ff2e-8bff-4a6a-80b3-1bbb5122f69c,antiquary.homes,available,1.8,19.98,high,low,9,namecheap,,,
4b9ab79c-9a22-45ed-a9f4-05306ddcb7d1,acerbic.homes,available,1.8,19.98,medium,low,7,namecheap,,,
a105b3a2-11ee-4af4-871e-ec45ad2620da,mutual.homes,premium,812.5,,high,low,6,name.com,,,
9d4c10d0-74c3-435e-b4a1-e9512b8017ba,aeonian.homes,available,1.8,19.98,medium,low,7,namecheap,,,
286d28ce-5fda-4101-b95a-2e6661ae64c8,soccer.homes,premium,2500,,high,low,6,name.com,,,
12a6481f-ec21-4382-a946-8eab1f89765c,repugnant.homes,available,1.8,19.98,medium,low,9,namecheap,,,
b6fe5093-564a-4e32-aec5-9d6f46cfaade,dotty.homes,available,,,medium,low,5,,,,
c3ea734f-75ef-4d75-a176-884f610fbe2e,glue.homes,premium,812.5,,high,low,4,name.com,,,
9530e66a-4797-4c57-bdef-8ca657a15c3a,aplitic.homes,available,1.8,19.98,medium,low,7,namecheap,,,06/08/2026 00:35
e2089f39-05b8-4f81-8c00-a84608b16bdd,nose.homes,available,1.99,,high,low,4,name.com,,,
156319c9-5e40-4a58-a2f9-e582cef7b497,abstracted.homes,available,1.8,19.98,medium,low,10,namecheap,,,
fb07a44d-fa47-416c-93a4-c146dab1f01e,patrician.homes,available,1.8,19.98,medium,low,9,namecheap,,,06/08/2026 19:34
c63410bb-b4bf-49ee-b4e6-6128bd1b73b5,explain.homes,available,1.99,15.75,high,low,7,namesilo,,,
b1b15acd-ba11-4f5f-9b41-1e18536ee4a6,polyester.homes,available,1.99,,high,low,9,name.com,,,
012f9d70-46ba-45bc-9273-201d800c0052,highly.homes,available,1.99,,high,low,6,name.com,,,
aaf3a47e-f3d3-4187-a492-479855c2f339,smelling.homes,available,1.99,,high,low,8,name.com,,,
6c5f4877-8b61-462e-8017-a68def50e6c6,billboard.homes,available,1.99,15.75,high,low,9,namesilo,,,
65c9309c-6ac1-479f-b389-471d33caec49,typing.homes,available,1.99,,high,low,6,name.com,,,
bc11e87c-f5d9-4b8c-8010-02738adaa4a0,bucket.homes,premium,41.3,41.3,high,low,6,namesilo,,,
24185d53-7e65-4f0d-9dc7-a05be3a50e5e,sense.homes,resell,,,high,medium,5,"Spaceship, Inc.",17/01/2026 15:35,17/01/2027 23:59,
75cf6225-1f37-44d7-8a52-30df3f353f49,sumbody.homes,available,1.99,,low,low,7,name.com,,,
dcdbeb96-f95d-4ee3-a75e-bb81e49f6f50,jerk.homes,available,1.99,,high,low,4,name.com,,,
9927cd17-fe81-4ab3-9207-5ec8e495067e,bearded.homes,available,1.8,19.98,high,low,7,namecheap,,,08/08/2026 16:05
af07ede5-d294-419d-9e45-cff2d22c8d9f,blockade.homes,available,1.99,15.75,high,low,8,namesilo,,,
ca7c87de-5b12-4abe-b7b7-214bdf3d0f58,lookout.homes,premium,2500,,high,low,7,name.com,,,
1c8d7f75-2631-417a-840b-5697782d4e74,dispatching.homes,available,1.99,15.75,high,low,11,namesilo,,,
98a83b64-8064-4305-9395-04181525805b,affirmative.homes,available,1.99,15.75,high,low,11,namesilo,,,
ca11d2d0-e86e-4f23-9e6b-1c3cdd515a39,arched.homes,available,1.8,19.98,medium,low,6,namecheap,,,06/08/2026 14:34
058de4c7-fa16-4005-b93a-928aa58ae5da,selfish.homes,available,1.99,,high,low,7,name.com,,,
ba06ad5a-380d-4ffe-933c-4b07f6d114ec,fictitious.homes,available,1.8,19.98,medium,low,10,namecheap,,,07/08/2026 07:50
ff010c57-f68c-454e-a75e-8916517847c3,browser.homes,available,1.99,15.75,high,low,7,namesilo,,,
316581a6-95f9-41fe-b263-9c17ef32e20c,aborigine.homes,available,1.8,19.98,high,low,9,namecheap,,,
ddf21c92-de3f-4b60-a9a2-749e3106a9f5,loss.homes,available,1.99,,high,low,4,name.com,,,
0eca9644-bce2-43b1-a1ac-afb64c8654ed,harold.homes,premium,812.5,,high,low,6,name.com,,,
0d3c7d12-a757-4cf8-b69f-7963e514a9ff,sinners.homes,available,1.99,,medium,low,7,name.com,,,
d2ef89e7-a5ce-47f3-9427-8112d4dc2e58,coffee.homes,premium,812.5,,high,medium,6,name.com,,,
85423b13-8c2b-4a58-bfe0-aaf7754727a3,fish.homes,premium,812.5,,high,low,4,name.com,,,
b0384386-bafc-4db2-9481-dbf462deaef6,harmony.homes,resell,,,high,low,7,Dynadot LLC,29/09/2024 00:10,29/09/2028 23:59,
b09611a3-cd4a-4625-9f6f-ed747c54f7fc,analyzed.homes,available,1.8,19.98,high,low,8,namecheap,,,
34e7f5ec-e1f2-4719-8577-011954ce7630,branch.homes,premium,812.5,,high,low,6,name.com,,,
48cf4ac4-bbef-49ca-b117-78f0ef8ac61b,slot.homes,resell,,,high,low,4,Dynadot LLC,06/04/2026 20:00,06/04/2027 23:59,
03354588-dbb7-442a-ade6-d1c7f5dd7f10,consumption.homes,available,1.99,15.75,high,low,11,namesilo,,,
cb885e73-b1d4-4706-ad64-3df3b24ecad4,tongue.homes,available,1.99,,high,low,6,name.com,,,
00b31fe7-caca-4b7a-8a0f-26430200ee87,briefing.homes,available,1.99,15.75,high,low,8,namesilo,,,
57a9eff3-19d5-4740-bd62-6e0a5bd0db8c,utter.homes,available,1.99,,high,low,5,name.com,,,
244e0760-0ff1-4990-aec1-291a320bf0c2,terminating.homes,available,1.8,21.98,medium,low,11,namecheap,,,08/09/2026 14:51
bf29c533-261c-4484-be0c-f2936b21647c,largely.homes,available,1.99,,medium,low,7,name.com,,,
93c271c1-8ba0-4147-be85-f51387fb222b,cumulative.homes,available,1.8,19.98,high,low,10,namecheap,,,
ed831098-08b5-4570-a41c-52369fce6b10,inverted.homes,available,1.8,19.98,high,low,8,namecheap,,,
ba173a84-4002-462b-9730-19592e3fe864,spiritual.homes,resell,,,high,low,9,"Spaceship, Inc.",01/11/2025 04:35,01/11/2026 23:59,06/08/2026 05:42
b228d862-6577-45f5-bc80-130f911564ac,mining.homes,available,1.99,,high,low,6,name.com,,,
0a7d6f65-ff8d-48da-814c-2eb4238cc0ee,whiskered.homes,available,1.8,19.98,medium,low,9,namecheap,,,08/08/2026 16:15
38688cd2-a872-4623-ae8c-67918b313d71,turned.homes,available,1.99,,high,low,6,name.com,,,
07460793-f82f-495b-955a-8c01ab3ece8a,nevada.homes,premium,812.5,,high,low,6,name.com,,,
d612541d-75ec-4d43-a404-69204e140ae1,adipose.homes,available,1.8,19.98,high,low,7,namecheap,,,
9b8b4238-b8d9-453f-ae38-f6eb81eb6361,arty.homes,available,,,high,low,4,,,,
a0df4e98-8d96-43ab-9293-1bed7f2d4379,lyrics.homes,available,1.99,,high,low,6,name.com,,,
8ac4ad8c-01ac-4528-b00f-46f7f62bff52,ass.homes,resell,,,high,low,3,"Spaceship, Inc.",13/05/2026 07:43,13/05/2027 23:59,09/08/2026 12:05
11b25491-3fb2-4dbd-9cf8-cfb65f6426af,document.homes,available,1.99,15.75,high,low,8,namesilo,,,
bd0bdcf9-bdad-4ce0-a7c9-96c4ce64f907,now.homes,resell,,,high,medium,3,"NameCheap, Inc.",11/08/2021 21:59,11/08/2027 23:59,20/09/2026 18:38
ad081f38-5b83-45cc-a20a-ed166404a5e4,bathyal.homes,available,1.8,19.98,low,low,7,namecheap,,,09/08/2026 01:34
72e28dd8-2d52-4355-bf70-43e68c3214de,send.homes,resell,,,high,low,4,"Spaceship, Inc.",01/11/2025 04:34,01/11/2026 23:59,
9ba1d71e-9f2b-40f8-9434-8376847cdf68,murder.homes,available,1.99,,high,low,6,name.com,,,
0cd867ec-f69c-4728-9c54-daff8d6d3285,attained.homes,available,1.8,19.98,high,low,8,namecheap,,,07/08/2026 15:07
4f332207-b2f8-4237-9bbc-6cc15161ee8a,shirtless.homes,available,1.99,,medium,low,9,name.com,,,
7599c7e7-f8d0-44a1-af32-0d2ae377bc2e,mcmuffin.homes,available,1.99,,high,low,8,name.com,,,
c2b5b98f-8e3f-4ebe-b9cf-362880564d66,buttony.homes,available,1.8,19.98,medium,low,7,namecheap,,,09/08/2026 03:34
1cc1047a-8a9e-4766-9f09-08df31cfda28,usa.homes,resell,,,high,medium,3,"Go Daddy, LLC",09/09/2024 01:17,09/09/2026 23:59,
7199ea75-6f11-4297-b092-8016679b0045,when.homes,resell,,,high,low,4,"Spaceship, Inc.",01/11/2025 04:48,01/11/2026 23:59,
f71b4bbd-2830-4e43-8707-a1c79c92e07e,xxxviii.homes,available,1.8,19.98,medium,low,7,namecheap,,,
61698d67-2e61-4576-be52-444aec1cdef9,aeolian.homes,available,1.8,19.98,medium,low,7,namecheap,,,
84bb5631-28d2-4564-82a4-77eeb562ed70,modesty.homes,available,1.99,,high,low,7,name.com,,,
b8e4842e-9b82-4cae-aa16-5588cb7463a2,introduction.homes,available,1.99,,high,low,12,name.com,,,
edb345c8-c3f2-49e5-9aa7-0649ce63b554,cypher.homes,resell,,,high,medium,6,"GoDaddy.com, LLC",02/12/2025 16:02,02/12/2026 23:59,
e4ce14cf-db88-4a0b-a837-898f65b30fef,aloof.homes,available,1.8,19.98,medium,low,5,namecheap,,,
1e439dcb-1d06-4897-9b83-3e1a77b78222,hoops.homes,available,1.99,,high,low,5,name.com,,,
dc2a09c2-f1c4-4fcb-87e1-04f5da3787a1,mushy.homes,available,1.8,19.98,medium,low,5,namecheap,,,09/08/2026 00:58
e819284a-162a-4440-8f1b-292bf6cb58cb,other.homes,resell,,,high,low,5,"Spaceship, Inc.",01/11/2025 04:48,01/11/2026 23:59,
c6cf3c0f-3eb6-4c04-b65e-e6f943dac84b,fabric.homes,premium,2600,2600,high,low,6,namecheap,,,08/09/2026 12:34
5685afa0-f2c9-44b5-9b7f-6a13f2fc9153,rural.homes,resell,,,high,low,5,"Global Domains International, Inc. DBA DomainCostClub.com",20/06/2021 23:26,20/06/2027 23:59,08/09/2026 07:52
0f827fb7-d6dd-4099-9e02-b0ea743d8e51,altaic.homes,available,1.8,19.98,medium,low,6,namecheap,,,
c76d7973-2510-48db-8a42-ed5173850b4f,aberdonian.homes,available,1.8,19.98,medium,low,10,namecheap,,,
e8a33444-6cc2-4f64-9e09-672d5c15fae1,burly.homes,available,1.8,19.98,medium,low,5,namecheap,,,09/08/2026 07:54
58118db2-92c5-4175-aa38-610574abcec5,lunch.homes,resell,,,high,low,5,Alibaba Cloud Computing Ltd. d/b/a HiChina (www.net.cn),05/06/2025 01:20,05/06/2026 23:59,
d2481998-88b5-4447-a96e-06b319e87c8b,analphabet.homes,available,1.8,19.98,medium,low,10,namecheap,,,
b9450e78-5290-44a9-be98-58bf49706e16,adynamic.homes,available,1.8,19.98,medium,low,8,namecheap,,,
bbfd6654-e0c6-4c5a-aced-9845d05f0d5c,threatening.homes,available,1.99,,medium,low,11,name.com,,,
850bd0b9-2d01-49e8-9bd2-1a8b1a8647b7,allelic.homes,available,1.8,19.98,medium,low,7,namecheap,,,
939ef95e-1dea-480e-b0d5-4656ba6d70e6,resolvable.homes,available,1.99,,high,low,10,name.com,,,
42e98d26-bb1f-487a-86a3-b78a53b20e31,democracy.homes,resell,,,high,low,9,Dynadot LLC,24/01/2026 00:20,24/01/2027 23:59,
568ae602-e894-45f7-98b8-35b756bd3d26,buzzed.homes,available,1.99,15.75,high,low,6,namesilo,,,
77c9cf3b-3cd9-4868-a224-af7ab4d14eae,ailing.homes,available,1.8,19.98,high,low,6,namecheap,,,
1dc2a31c-81c7-4221-8287-e8c0eeb04683,nicky.homes,resell,,,high,low,5,"Spaceship, Inc.",07/09/2025 08:40,07/09/2026 23:59,
fd042729-ddb0-4cd2-8b8f-0c279202f68c,backstairs.homes,available,1.8,19.98,high,low,10,namecheap,,,08/08/2026 06:26
87f75b90-f563-4c28-9bed-281ef3958a12,acoustical.homes,available,1.8,19.98,medium,low,10,namecheap,,,
fe62532e-9bab-441c-ac2c-3cbeecb257cb,cappuccino.homes,available,1.99,15.75,high,low,10,namesilo,,,
b93cdb76-c5f0-494c-af67-b0f7d557357b,obey.homes,premium,2500,,high,low,4,name.com,,,
86429f25-178b-4cae-ade8-3ecf941bd6d4,xxxii.homes,available,1.8,19.98,medium,low,5,namecheap,,,
4f1d1495-2831-45bb-b2c9-b5382cb153b9,glossary.homes,available,1.99,,high,low,8,name.com,,,
06f3e733-a082-4c42-915a-6cb35040c9f1,formalise.homes,available,1.99,15.75,high,low,9,namesilo,,,
1ed3ae97-3aab-41d3-bbc2-e5c0a50c905b,miracle.homes,resell,,,high,low,7,"Global Domains International, Inc.",14/11/2025 16:04,14/11/2026 23:59,
c7c35859-9ba4-45c7-9bcb-8d35fe57b589,looking.homes,resell,,,high,low,7,"Spaceship, Inc.",01/11/2025 05:08,01/11/2026 23:59,
31565f54-c2e3-4ad3-a090-1cac5f35d325,trophy.homes,resell,,,high,low,6,Dynadot LLC,24/01/2026 07:34,24/01/2027 23:59,
e716cb75-276a-4a2d-8ec9-c4e0fa6c9d07,patriotism.homes,available,1.99,,high,low,10,name.com,,,
dc538234-4053-4ffe-87cb-b13584d02d9c,construction.homes,premium,845,15.73,high,low,12,namecheap,,,
3867ceb4-d066-45cf-af9d-d7a4ef7b4611,established.homes,available,1.99,15.75,high,low,11,namesilo,,,
0c14d97b-b951-4a86-9a01-0405a6528022,glance.homes,available,1.99,15.75,high,low,6,namesilo,,,
0141b3cd-c335-406c-b08d-778503d6430f,pressing.homes,available,1.99,,high,low,8,name.com,,,
9ae99b71-ae71-4cc5-8c37-7b23e33f64da,budget.homes,premium,2500,,high,low,6,name.com,,,
6975a281-81c8-4d83-a95b-6548c2bd9822,hear.homes,available,1.99,,high,low,4,name.com,,,
2eaaa914-08b7-41c2-82dc-2d7821c02d3a,lose.homes,available,1.99,,medium,low,4,name.com,,,
efb9d101-4bf7-45b6-b624-d5801ed6e689,retardant.homes,available,1.99,,high,low,9,name.com,,,
1ebdc440-df4b-4d38-984f-6c011c58c9dc,glasses.homes,available,1.99,15.75,high,low,7,namesilo,,,
a3aaa5ca-55bd-4eb4-80d3-112a43eb6bce,thug.homes,available,1.99,,high,low,4,name.com,,,
a014d39b-d093-4417-ab6e-dfb65374a971,pestering.homes,available,1.8,19.98,medium,low,9,namecheap,,,
e37c3afb-bbea-401d-a2dd-8127e370a680,archival.homes,available,1.8,19.98,high,low,8,namecheap,,,06/08/2026 15:53
0d511dfa-d353-43ba-9797-d0db9cc49649,unceasing.homes,available,1.8,19.98,high,low,9,namecheap,,,
698f31d0-d958-4590-8140-e96f1d20750f,willow.homes,premium,812.5,,high,low,6,name.com,,,
1801aa8d-6bd6-46e0-85c0-5f4817457dc1,amphibious.homes,premium,41.3,41.3,high,low,10,namesilo,,,
bbc170cf-747e-4b3e-b55b-4433f65643bf,orphan.homes,available,1.99,,high,low,6,name.com,,,
5197d40b-e769-4f2d-8763-6ad968eb6dc6,arawak.homes,available,1.8,19.98,high,low,6,namecheap,,,06/08/2026 12:38
77ac8ac2-fff3-4edb-8377-6a89877f4f00,april.homes,resell,,,high,low,5,"Spaceship, Inc.",13/09/2025 17:03,13/09/2026 23:59,
985b11c7-5957-45e1-a938-ccdf0d80c96e,punter.homes,available,1.99,,high,low,6,name.com,,,
b87c51e4-44dd-466b-8b2c-6dcabc48da4b,bae.homes,available,1.99,15.75,high,low,3,namesilo,,,
2df1aad2-54e8-45e5-b8ab-3d0549264659,con.homes,resell,,,high,low,3,"Spaceship, Inc.",17/01/2026 15:45,17/01/2027 23:59,
adf3f3d3-34f4-4f93-8db5-3e48ab69b3cc,reception.homes,available,1.99,,high,low,9,name.com,,,
33bb7a54-6d09-4553-94da-a1a44d60ebc0,intense.homes,available,1.99,,high,low,7,name.com,,,
2b1f95c1-bd00-40b0-b9c6-53d5d836be1a,toward.homes,available,1.99,,high,low,6,name.com,,,
6c7b4f0b-bf02-4b80-b210-86d05f83eb1e,qualitative.homes,available,1.99,,high,low,11,name.com,,,
892417be-8392-4aff-982c-f48005413a87,fussy.homes,available,1.8,19.98,medium,low,5,namecheap,,,08/08/2026 07:47
81e79734-978e-44fa-8f9a-b0847ec3b1c5,lowercase.homes,available,1.99,,high,low,9,name.com,,,
efe4578f-2710-44a5-bd15-9074d1759cfd,oppose.homes,available,1.99,,high,low,6,name.com,,,
af7cd50e-da34-42af-b674-790ba4dd5b52,moral.homes,available,1.99,,high,low,5,name.com,,,
13fafdbc-0615-4175-8a24-b7c32b3e83b8,standardize.homes,available,1.99,,high,low,11,name.com,,,
7e01cac5-e914-497b-a4d5-1d4eea45889e,pimply.homes,available,1.8,19.98,medium,low,6,namecheap,,,